Film Title,Character,Gender,Race/Ethnicity,Culture,Role,Marginalized,POC,Dialogue
The Princess and the Frog,Eudora,Female,Middle Eastern,New Orleans,Supporting,False,True,"Just in that moment, the ugly little frog looked up with his sad, round eyes and pleaded: ""Oh, please, dear princess, Only a kiss from you can break this terrible spell, that was inflicted on me by a wicked witch."""
The Princess and the Frog,Charlotte,Female,Caucasian,New Orleans,Protagonist,False,False,There comes my favorite part.
The Princess and the Frog,Eudora,Female,Middle Eastern,New Orleans,Supporting,False,True,"And the beautiful princess was so moved by his desperate plea, that she stooped down, picked up the slippery creature, leaned forward, raised him to her lips, and kissed that little frog. Than the frog was transformed into a handsome prince. They were married and lived happily ever after. The end."
The Princess and the Frog,Charlotte,Female,Caucasian,New Orleans,Protagonist,False,False,"Yay! Read it again, read it again!"
The Princess and the Frog,Eudora,Female,Middle Eastern,New Orleans,Supporting,False,True,"Sorry Charlotte, it’s time for us to be headin’ home. Say good night, Tiana."
The Princess and the Frog,Tiana,Female,African American,New Orleans,Protagonist,True,True,"There is no way, in this whole wide world I would ever, ever, ever, I mean never kiss a frog. Yuck!"
The Princess and the Frog,Charlotte,Female,Caucasian,New Orleans,Protagonist,False,False,"Is that so?  Well, here's your prince charming, Tia. Come on, kiss him."
The Princess and the Frog,Tiana,Female,African American,New Orleans,Protagonist,True,True,No!
The Princess and the Frog,Charlotte,Female,Caucasian,New Orleans,Protagonist,False,False,Kiss him!
The Princess and the Frog,Tiana,Female,African American,New Orleans,Protagonist,True,True,Stop it!
The Princess and the Frog,Charlotte,Female,Caucasian,New Orleans,Protagonist,False,False,"Kiss him, kiss him, kiss him!"
The Princess and the Frog,Tiana,Female,African American,New Orleans,Protagonist,True,True,"I won’t, I won’t, I won’t!"
The Princess and the Frog,Charlotte,Female,Caucasian,New Orleans,Protagonist,False,False,"I would do it. I would kiss a frog. I would kiss a hundred frogs, if I could marry a prince and be a princess."
The Princess and the Frog,Charlotte,Female,Caucasian,New Orleans,Protagonist,False,False,"Daddy, Daddy, look at my new dress! Isn’t it pretty?"
The Princess and the Frog,Big Daddy,Male,Caucasian,New Orleans,Antagonist,False,False,"Hah, hah, look at you. Why, I’d expect nothin’ less from the finest seamstress in New Orleans."
The Princess and the Frog,Charlotte,Female,Caucasian,New Orleans,Protagonist,False,False,"Uuh, I want that there."
The Princess and the Frog,Big Daddy,Male,Caucasian,New Orleans,Antagonist,False,False,"Oh, no sugar come on."
The Princess and the Frog,Charlotte,Female,Caucasian,New Orleans,Protagonist,False,False,"I want that one. Please, please, please, please!"
The Princess and the Frog,Big Daddy,Male,Caucasian,New Orleans,Antagonist,False,False,Eudora. You suppose you can web something up like that?
The Princess and the Frog,Charlotte,Female,Caucasian,New Orleans,Protagonist,False,False,Yay!
The Princess and the Frog,Big Daddy,Male,Caucasian,New Orleans,Antagonist,False,False,"All right, now, princess, you gettin’ that drift but that’s it. No more Mr. Pushover.  Now who wants a puppy?"
The Princess and the Frog,Charlotte,Female,Caucasian,New Orleans,Protagonist,False,False,"I do! I do! He’s so cute! Tiana's father James: Mmm, gumbo smells good, Tiana."
The Princess and the Frog,Tiana,Female,African American,New Orleans,Protagonist,True,True,"I think it’s done, Daddy."
The Princess and the Frog,Tiana,Female,African American,New Orleans,Protagonist,True,True,Mm-hmm.
The Princess and the Frog,Tiana,Female,African American,New Orleans,Protagonist,True,True,Yes!
The Princess and the Frog,Tiana,Female,African American,New Orleans,Protagonist,True,True,Wait!  Done.  What?
The Princess and the Frog,Eudora,Female,Middle Eastern,New Orleans,Supporting,False,True,I coulda have told you that.
The Princess and the Frog,Tiana,Female,African American,New Orleans,Protagonist,True,True,"Hey everybody, I made gumbo. Uuuh, that’s smells good I got some hush puppies, Tiana. Here I come!"
The Princess and the Frog,Tiana,Female,African American,New Orleans,Protagonist,True,True,Our food!
The Princess and the Frog,Tiana,Female,African American,New Orleans,Protagonist,True,True,"Daddy, look."
The Princess and the Frog,Tiana,Female,African American,New Orleans,Protagonist,True,True,"Charlotte’s faity tale book said, if you make a wish on evening star it’s sure to come true."
The Princess and the Frog,Eudora,Female,Middle Eastern,New Orleans,Supporting,False,True,"Hmmh, won’t you wish on that star, sweetheart?"
The Princess and the Frog,Eudora,Female,Middle Eastern,New Orleans,Supporting,False,True,"See you in the morning, baby cakes."
The Princess and the Frog,Tiana,Female,African American,New Orleans,Protagonist,True,True,"Please, please, please. Well Miss Tiana, rough night for tips but every little penny counts. Don’t you worry, Daddy … We’ll be there soon. Goodnight Cal’s, good morning Duke’s. In the South Land there’s a city Way down on the river Where the women are very pretty And all the men deliver They got music it’s always playin’ Start in the day time go all through the night when you hear that music playin’ Hear what I’m saying and make it feel alright Grab somebody, come on down Bring your paintbrush, we’re painting the town Oh there’s some sweetness going around Catch it down in New Orleans We got magic, good and mase Make it happen, make it real, say If anything you want is lose what you have Down here in New Orleans Hey partner, don’t be shy Come on down here and give us a try You wanna do some livin’ before you die Do it down in New Orleans Stalee homes and mansions Of the sugar darns and cotton candy Rich people, old people, all got dreams … Dreams do come true in New Orleans. Order up! Another coffee here, sug’ . Comin’ right up, Virgil. Hey, Tiana! Morning, Georgia! Hi, how are you doin’ Tiana? Hey y’all! We all goin’ out dancin’ tonight. Care to join us? Yeah, c’mon, Tiana, you could use a little hand. It’s Mardi Gras. No, I got two left feet. Besides I’m gonna… You need a napkin, sweetheart? I’m gonna work a double shift tonight… Here you are, cakes. - You know, so I… - You can save for your restaurant. I know, I know. Girl! All you ever do is work!"
The Princess and the Frog,Tiana,Female,African American,New Orleans,Protagonist,True,True,Maybe next time! I told y’all she wouldn’t come.
The Princess and the Frog,Lawrence,Male,Caucasian,New Orleans,Antagonist,False,False,"Sire, I've been looking for you everywhere!"
The Princess and the Frog,Lawrence,Male,Caucasian,New Orleans,Antagonist,False,False,We're going to be late for the masqu...
The Princess and the Frog,Charlotte,Female,Caucasian,New Orleans,Protagonist,False,False,"Travis, when a woman says ""later"", she really means ""not ever""! Now, run along. There are plenty of young fillies dyin' for you to waltz them into a stupor.  GIMME THEM NAPKINS, QUICK!"
The Princess and the Frog,Tiana,Female,African American,New Orleans,Protagonist,True,True,What on Earth for?
The Princess and the Frog,Charlotte,Female,Caucasian,New Orleans,Protagonist,False,False,"I swear I am sweatin' like a sinner in church! Oh, Tia, is gettin’ to be so late. - There’s still a few stragglers. This is a failure. Tia, my prince is never comin’. - Now, Lottie… - I never get anything I wish for! Lottie, wait! - Just calm down and take a deep… - Maybe I just got to wish harder. Please, please, please please, please … Lottie, you can’t just wish on a star expecting … Ladies and gentlemen! His Royal Highness, Prince Naveen. Good Evening, Tiana. Marvelous party . Evening, Mr. Fenner. And. .. Mr. Fenner. - I’m smelling meanies. - Gonna be the House specialty, once I signed those papers you’re brought. -Yes … -About that… - You were outbid. - What? The fella came in offering a full amount of cash. Less you can tap his offer by Wednesday. You can kiss that place goodbye. You know how long it took me to save that money? Exactly! Which is why a little woman of your background … woulda had a hands full, trying to run a big business like that. You better off, will y’all, yeah! - No, wait a minute! - No more meanies, no! No. .. hold on a minute! You..you come back! Tia, time to get prince charmed with those man-catchin’ being… What happened? I. .. I …just. Oh, you poor dear."
The Princess and the Frog,Charlotte,Female,Caucasian,New Orleans,Protagonist,False,False,"Oh, Prince Naveen, We will be right back, sugar. I got just a dress for you. Oh, Tia, honey, did you see the way he danced with me? A marriage proposal, can be far behind. Thank you, Evening star! You know, I was taught to think that wishing on stars was just for… Babies an’ crazy people. Look at you! Aren’t you just as pretty as a magnolia in May? Seems like only yesterday we were … Both little girls, dreaming our fairy tales dreams. And tonight they’re finally coming true! Well…back into the fray! Wish me luck. Oh, Naveen"
The Princess and the Frog,Tiana,Female,African American,New Orleans,Protagonist,True,True,Almost… Almost there People would come here from everywhere I was almost…there...
The Princess and the Frog,Tiana,Female,African American,New Orleans,Protagonist,True,True,I can not believe I’m doing this. Please… Please… Please!
The Princess and the Frog,Tiana,Female,African American,New Orleans,Protagonist,True,True,"Very funny. So, what now? I reckon you want a kiss?"
The Princess and the Frog,Tiana,Female,African American,New Orleans,Protagonist,True,True,"Stay back, or I’ll… I’ll…"
The Princess and the Frog,Tiana,Female,African American,New Orleans,Protagonist,True,True,"Prince? But I didn’t wish for any… Hold on, if you’re the prince, then… then who was that waltzing with Lottie on the dance floor?"
The Princess and the Frog,Tiana,Female,African American,New Orleans,Protagonist,True,True,The Frog Prince?
The Princess and the Frog,Tiana,Female,African American,New Orleans,Protagonist,True,True,Excuse me?
The Princess and the Frog,Tiana,Female,African American,New Orleans,Protagonist,True,True,"Look, I’m sorry. I’d really like to help you, but I just… Do not kiss frogs."
The Princess and the Frog,Tiana,Female,African American,New Orleans,Protagonist,True,True,I didn’t expect you to answer!
The Princess and the Frog,Tiana,Female,African American,New Orleans,Protagonist,True,True,Just… One kiss?
The Princess and the Frog,Tiana,Female,African American,New Orleans,Protagonist,True,True,"Ok Tiana, you can do this… Just a little kiss, just a little kiss. Ok! You don’t look there much different. But how did you get way up there? And how did I get way down here, in all this…  AAAAAAHHHHHHHHH!!!!!!"
The Princess and the Frog,Tiana,Female,African American,New Orleans,Protagonist,True,True,What did you do to me? I…I’m green and I’m…and I’m slimy!
The Princess and the Frog,Tiana,Female,African American,New Orleans,Protagonist,True,True,What?
The Princess and the Frog,Tiana,Female,African American,New Orleans,Protagonist,True,True,You...You....
The Princess and the Frog,Big Daddy,Male,Caucasian,New Orleans,Antagonist,False,False,Hey Stella! Get them frogs!
The Princess and the Frog,Tiana,Female,African American,New Orleans,Protagonist,True,True,"I can’t run, I’m a frog!"
The Princess and the Frog,Tiana,Female,African American,New Orleans,Protagonist,True,True,Where are we going?
The Princess and the Frog,Tiana,Female,African American,New Orleans,Protagonist,True,True,I can’t see a thing.
The Princess and the Frog,Tiana,Female,African American,New Orleans,Protagonist,True,True,"Wait, Stella…"
The Princess and the Frog,Tiana,Female,African American,New Orleans,Protagonist,True,True,"Stella, it’s me, Tiana!"
The Princess and the Frog,Tiana,Female,African American,New Orleans,Protagonist,True,True,Stella just talked to me! The dog just spoke to me!
The Princess and the Frog,Lawrence,Male,Caucasian,New Orleans,Antagonist,False,False,"Oh, dear.  Oh! You're so quiet. Dr. Facilier: You let him go?!"
The Princess and the Frog,Lawrence,Male,Caucasian,New Orleans,Antagonist,False,False,"The poor devil's gasping, so I'd loosened the lid, ever so slightly...  How did I ever get tangled up this voodoo madness? I can't get through with this!  You wear this-this ghastly thing! Dr. Facilier:  CAREFUL WITH THAT!!! ANYTHING HAPPENS TO THIS, I'M GONNA BE...!  Fun fact about voodoo, Larry...  ...can't conjure a thing for myself. Besides, you and I both know the real power in this world ain't magic. It's money! Buckets of it."
The Princess and the Frog,Lawrence,Male,Caucasian,New Orleans,Antagonist,False,False,That's true. Dr. Facilier: Aren't you tired of living on the margins? While all those fat cats in their fancy cars don't give you so much as a sideways glance?
The Princess and the Frog,Lawrence,Male,Caucasian,New Orleans,Antagonist,False,False,"Yes... I am. Dr. Facilier: All you gotta do is marry Big Daddy's little princess...  And we'll be splittin' that juicy Le Buoff fortune right down the middle... 60-40, like I said."
The Princess and the Frog,Lawrence,Male,Caucasian,New Orleans,Antagonist,False,False,Hmm... yeah. But uh... what about Naveen? Dr. Facilier: Your little SLIP-UP... will be a minor bump in the road. So long as we got the prince's blood in this.
The Princess and the Frog,Lawrence,Male,Caucasian,New Orleans,Antagonist,False,False,Yes...
The Princess and the Frog,Tiana,Female,African American,New Orleans,Protagonist,True,True,Voodoo? You mean to tell me this all happened because you were messing with the Shadow Man?
The Princess and the Frog,Tiana,Female,African American,New Orleans,Protagonist,True,True,It serves me right for wishing on stars. The only way to get what you want in this world is through hard work.
The Princess and the Frog,Tiana,Female,African American,New Orleans,Protagonist,True,True,"Huh? Oh, I’m not a princess. I’m a waitress."
The Princess and the Frog,Tiana,Female,African American,New Orleans,Protagonist,True,True,I…I never said I was a princess.
The Princess and the Frog,Tiana,Female,African American,New Orleans,Protagonist,True,True,"It was a costume party, you spoiled little rich boy."
The Princess and the Frog,Tiana,Female,African American,New Orleans,Protagonist,True,True,What?
The Princess and the Frog,Tiana,Female,African American,New Orleans,Protagonist,True,True,You said … you were fabulously wealthy!
The Princess and the Frog,Tiana,Female,African American,New Orleans,Protagonist,True,True,"You’re broke, and you had the gall to call me a liar?"
The Princess and the Frog,Tiana,Female,African American,New Orleans,Protagonist,True,True,You a prince?
The Princess and the Frog,Tiana,Female,African American,New Orleans,Protagonist,True,True,"She’ll help you!  All right then. once you two are married, you are gonna keep your promise and get me my restaurant, right?"
The Princess and the Frog,Tiana,Female,African American,New Orleans,Protagonist,True,True,Those aren’t logs...
The Princess and the Frog,Tiana,Female,African American,New Orleans,Protagonist,True,True,Find your own tree. There he is. I’ve seen him! I’ve seen him!
The Princess and the Frog,Tiana,Female,African American,New Orleans,Protagonist,True,True,Take your slimes away from me.
The Princess and the Frog,Tiana,Female,African American,New Orleans,Protagonist,True,True,"Rise and shine, Sleeping Beauty. Gators are gone. We got to get back to New Orleans and undo this mess you got us into."
The Princess and the Frog,Tiana,Female,African American,New Orleans,Protagonist,True,True,Could use a little help!
The Princess and the Frog,Tiana,Female,African American,New Orleans,Protagonist,True,True,How about a little less piggin’ and a … I know that tune! Dippermouth Blues.
The Princess and the Frog,Louis,Male,African American,New Orleans,Supporting,False,True,Where you’ve been all my life?!
The Princess and the Frog,Louis,Male,African American,New Orleans,Supporting,False,True,"Well, the Bajou’s is the best jazz school in the world. All the greats play the riverboats. Oh, Louis give anything to be up there jammin’ with the big boys."
The Princess and the Frog,Louis,Male,African American,New Orleans,Supporting,False,True,"Oh, I tried once.  It didn’t end well."
The Princess and the Frog,Tiana,Female,African American,New Orleans,Protagonist,True,True,"It is been a real pleasure meetin’ you, Louis. And thank you for coming and for not eatin’ us. We best be on our way."
The Princess and the Frog,Louis,Male,African American,New Orleans,Supporting,False,True,Where are you goin’?
The Princess and the Frog,Tiana,Female,African American,New Orleans,Protagonist,True,True,To find somebody to break the spell.
The Princess and the Frog,Louis,Male,African American,New Orleans,Supporting,False,True,What spell?
The Princess and the Frog,Louis,Male,African American,New Orleans,Supporting,False,True,What?  You are serious?
The Princess and the Frog,Tiana,Female,African American,New Orleans,Protagonist,True,True,Now just a second. This goon here got himself turned into a frog by a voodoo man and now …
The Princess and the Frog,Louis,Male,African American,New Orleans,Supporting,False,True,Voodoo? Like the kind Mama Odie do.
The Princess and the Frog,Louis,Male,African American,New Orleans,Supporting,False,True,Mama Odie. She is the voodoo queen of the Bajou. She got magic and spells of kind a voodoo .
The Princess and the Frog,Louis,Male,African American,New Orleans,Supporting,False,True,"To the deepest, darkest part of a Bayou?? Facing raser sharks, prick ambushers, and trappers, and hunters with guns? No."
The Princess and the Frog,Tiana,Female,African American,New Orleans,Protagonist,True,True,"Cute, but it’s not gonna…"
The Princess and the Frog,Tiana,Female,African American,New Orleans,Protagonist,True,True,You are getting married!
The Princess and the Frog,Charlotte,Female,Caucasian,New Orleans,Protagonist,False,False,"Oh, Prince Naveen, dear. I am positively mortified you had to endure that frog fiasco last night."
The Princess and the Frog,Lawrence,Male,Caucasian,New Orleans,Antagonist,False,False,"Well, when you’re next in line for the throne, you’re poised like a panther, ready to expect the unexpected."
The Princess and the Frog,Charlotte,Female,Caucasian,New Orleans,Protagonist,False,False,Y-your ear?
The Princess and the Frog,Lawrence,Male,Caucasian,New Orleans,Antagonist,False,False,"What? Oh, there’s pesky mosquitoes… everywhere. Get in here! Please, Miss Charlotte, I can no longer ignore the throbbing of my… Heart. Even though our time together’s been brief, it’s been heavenly."
The Princess and the Frog,Charlotte,Female,Caucasian,New Orleans,Protagonist,False,False,"Land sakes Prince Naveen, You got me blushin’ ‘til I…"
The Princess and the Frog,Lawrence,Male,Caucasian,New Orleans,Antagonist,False,False,Would you do me the honor of becoming Princess of Maldonia?
The Princess and the Frog,Charlotte,Female,Caucasian,New Orleans,Protagonist,False,False,Are you serious?
The Princess and the Frog,Lawrence,Male,Caucasian,New Orleans,Antagonist,False,False,As the plague.
The Princess and the Frog,Charlotte,Female,Caucasian,New Orleans,Protagonist,False,False,"Yes! Oh, I most definitely will marry you! Oh, there’s so much to plan! The guest list! The dress! The music! The flowers! The shoes! We’re gonna have ourselves a Mardi Gras weddin’!"
The Princess and the Frog,Tiana,Female,African American,New Orleans,Protagonist,True,True,"Jambalaya, gumbo …It’s gonna have it all!"
The Princess and the Frog,Louis,Male,African American,New Orleans,Supporting,False,True,"I always wanted to try red beans and rice, - Muffulettas, po’ boys…"
The Princess and the Frog,Tiana,Female,African American,New Orleans,Protagonist,True,True,What are you doing?
The Princess and the Frog,Tiana,Female,African American,New Orleans,Protagonist,True,True,"What? Oh, no! No, no, no! There is no way I’m kissing a frog and eating a bug on the same day. Ah! No no no."
The Princess and the Frog,Tiana,Female,African American,New Orleans,Protagonist,True,True,Hold stil!
The Princess and the Frog,Louis,Male,African American,New Orleans,Supporting,False,True,"Y’all found anything to eat yet, ah? Oh, my! Hang on. Old Louis gotta comin’. No, no, no, no … How’s that?"
The Princess and the Frog,Tiana,Female,African American,New Orleans,Protagonist,True,True,This could be a little better.
The Princess and the Frog,Louis,Male,African American,New Orleans,Supporting,False,True,You know what this needs? A shaft stick! Be right back!
The Princess and the Frog,Tiana,Female,African American,New Orleans,Protagonist,True,True,This is all your fault!
The Princess and the Frog,Ray,Male,African American,New Orleans,Supporting,False,True,"‘Bout time I introduce myself. My name Raymond, but everybody call me Ray.."
The Princess and the Frog,Ray,Male,African American,New Orleans,Supporting,False,True,"Oh, I'm Cajun, bruh. Born branded the Bayou. You must be a new around here, ah?"
The Princess and the Frog,Ray,Male,African American,New Orleans,Supporting,False,True,Go to bed. Y’all from Shreveport?
The Princess and the Frog,Tiana,Female,African American,New Orleans,Protagonist,True,True,The prince charming here got himself turned into a frog by a voodoo witch doctor.
The Princess and the Frog,Ray,Male,African American,New Orleans,Supporting,False,True,"Well, there you go."
The Princess and the Frog,Tiana,Female,African American,New Orleans,Protagonist,True,True,"And we are on a way to Mama Odie’s, we think maybe she could…"
The Princess and the Frog,Ray,Male,African American,New Orleans,Supporting,False,True,"Mama Odie? Ya'll headin’ the wrong direction, chere. Now what kinda chucklehead told y’all to go thisa way?"
The Princess and the Frog,Louis,Male,African American,New Orleans,Supporting,False,True,I found the stick!
The Princess and the Frog,Tiana,Female,African American,New Orleans,Protagonist,True,True,Louis … Ray here says you’ve been taking us in the wrong direction.
The Princess and the Frog,Louis,Male,African American,New Orleans,Supporting,False,True,"I was …listen, I was confused by the topography and… The geography and choreography."
The Princess and the Frog,Ray,Male,African American,New Orleans,Supporting,False,True,First rule the Bayou. Never take the rescue from a gator. Me and my relations those will help you yard the way.
The Princess and the Frog,Ray,Male,African American,New Orleans,Supporting,False,True,"Hey, Cousin Randy, You are ready for the Bayou Zydeco."
The Princess and the Frog,Ray,Male,African American,New Orleans,Supporting,False,True,"Alright, Lulu! Let’s get to it, darling! Come on, chere! Just follow the bouncing butt!. We’re gonna take ya down, We’re gonna take ya down We’re gonna take ya all the way down. We’re gonna take ya down, We’re gonna take ya down We’re gonna take ya all the way. Goin’ down the bayou! Goin’ down the bayou! Goin’ down the bayou! Taking ya all the way! We got the whole family! There goes Mimi! Cousin Boudreau! Grandma Ma, you’re light on! We all gon’ pool together Down here that’s how we do! Me for them, and them for me, We all be there for you! We’re gonna take ya, We’re gonna take ya We’re gonna take ya all the way down We know where yer going and we’re going with you Taking you all the way Goin’ down the bayou! Goin’ down the bayou! Goin’ down the bayou! Take ya all…. Yeah, you know! Come on y’all! Keep that life flowin’, and them lights a’glowin! Yeah, you’re right! Dr. Facilier: Friends, I know I’m in hack to you all pretty deep already, but it seems or little froggy prince lost his way. And I need your generous assistance getting him back. Hahaha, I hear you. Now, what’s in it for you? Well… As soon as I dispose of Big Daddy La Bouff, then I’m gonna run this town. I’ll have the entire city of New Orleans in the palm of my hand. And you’ll have all the wayward souls your dark little hearts desire. You all love that, don’t you? So, we got ourselves a deal? Hahaha! Now we’re cooking! We’re gonna find ourselves a frog. Search everywhere: The bayou, the quarter… bring him to me alive. I need his heart pumping… For now. Allez, tout de suite!"
The Princess and the Frog,Ray,Male,African American,New Orleans,Supporting,False,True,Ray will take you the rest of way!
The Princess and the Frog,Tiana,Female,African American,New Orleans,Protagonist,True,True,Nice meetin’ you all!
The Princess and the Frog,Louis,Male,African American,New Orleans,Supporting,False,True,"Bye, Bye pooky!"
The Princess and the Frog,Ray,Male,African American,New Orleans,Supporting,False,True,"Adieu, bye, bye amis. And don’t forget to tell Angela that Ray said Bonjour!"
The Princess and the Frog,Tiana,Female,African American,New Orleans,Protagonist,True,True,That’s your girl?
The Princess and the Frog,Ray,Male,African American,New Orleans,Supporting,False,True,"Oh, no, no, no … My girl…That's Evangeline."
The Princess and the Frog,Tiana,Female,African American,New Orleans,Protagonist,True,True,Evangeline?
The Princess and the Frog,Ray,Male,African American,New Orleans,Supporting,False,True,"She is the most prettiest butterfly ever did glow. You know, I talk to Evangeline almost every night. She is kind of shy, not say much. But I know in my heart someday we gonna be together."
The Princess and the Frog,Tiana,Female,African American,New Orleans,Protagonist,True,True,"Oh, that’s so sweet."
The Princess and the Frog,Louis,Male,African American,New Orleans,Supporting,False,True,"Prick ambushers got me … Get down, get down! Darkness … it’s closin’ in. I’m so cold."
The Princess and the Frog,Ray,Male,African American,New Orleans,Supporting,False,True,"Will you hold still, big baby?  I touched you yet. Oh, take a look at that two jumpers. I can taste the frog legs already… With a sauce picante, right Pa? Will you keep quiet! Oh, my thought is exactly the same. It’s time to catch up some frogs."
The Princess and the Frog,Tiana,Female,African American,New Orleans,Protagonist,True,True,Have you now?
The Princess and the Frog,Tiana,Female,African American,New Orleans,Protagonist,True,True,"Thank you. 'Cause I figured out what your problem is, too."
The Princess and the Frog,Tiana,Female,African American,New Orleans,Protagonist,True,True,"No. You're a no-account, philanderin', lazy bump on the log!"
The Princess and the Frog,Tiana,Female,African American,New Orleans,Protagonist,True,True,What did you say?
The Princess and the Frog,Tiana,Female,African American,New Orleans,Protagonist,True,True,"Listen here, Mister. This ""stick-in-the-mud"" has had to work two jobs her whole life while you've been suckin' on a silver spoon, chasing chambermaids 'round your ivory tower!"
The Princess and the Frog,Louis,Male,African American,New Orleans,Supporting,False,True,Hunters with guns! Look at his big frog legs. I will mixed them…
The Princess and the Frog,Ray,Male,African American,New Orleans,Supporting,False,True,"Oh, no, no, no. A bug gotta do what a bug gotta do! I think I got chipped my favorite tooth."
The Princess and the Frog,Tiana,Female,African American,New Orleans,Protagonist,True,True,"And we talk, too."
The Princess and the Frog,Louis,Male,African American,New Orleans,Supporting,False,True,"You alright there, little bud?"
The Princess and the Frog,Ray,Male,African American,New Orleans,Supporting,False,True,"Oh, I’m fine… but your breath done killed me to death!"
The Princess and the Frog,Louis,Male,African American,New Orleans,Supporting,False,True,Would you mind?
The Princess and the Frog,Ray,Male,African American,New Orleans,Supporting,False,True,"I got you cover, brah."
The Princess and the Frog,Louis,Male,African American,New Orleans,Supporting,False,True,"Ah, much obliged, PeeWee. Now how about … The other side."
The Princess and the Frog,Tiana,Female,African American,New Orleans,Protagonist,True,True,Not a stick in the mud?
The Princess and the Frog,Tiana,Female,African American,New Orleans,Protagonist,True,True,Say it.
The Princess and the Frog,Tiana,Female,African American,New Orleans,Protagonist,True,True,"I can’t hear you, I’m sorry. What?"
The Princess and the Frog,Louis,Male,African American,New Orleans,Supporting,False,True,Easy! Easy!
The Princess and the Frog,Ray,Male,African American,New Orleans,Supporting,False,True,"This one's in there, ain't it? Hold on. Chere, I know we got to get to Mama Odie lickity split but … This particular extractification is going to take a while, yeah."
The Princess and the Frog,Tiana,Female,African American,New Orleans,Protagonist,True,True,"Oh, poor Louis."
The Princess and the Frog,Louis,Male,African American,New Orleans,Supporting,False,True,You know what would make me feel better? Crawfish snuged in Remoulade Sauce. Mercy!
The Princess and the Frog,Ray,Male,African American,New Orleans,Supporting,False,True,Just a little more.
The Princess and the Frog,Louis,Male,African American,New Orleans,Supporting,False,True,"Some banana foster sprinkled with pralines.. Oh, Mama!"
The Princess and the Frog,Tiana,Female,African American,New Orleans,Protagonist,True,True,How about swamp gumbo?
The Princess and the Frog,Louis,Male,African American,New Orleans,Supporting,False,True,That’ll do.
The Princess and the Frog,Tiana,Female,African American,New Orleans,Protagonist,True,True,"No, no, no, no, Your Royal Highness. You are gonna to mince this mushrooms."
The Princess and the Frog,Tiana,Female,African American,New Orleans,Protagonist,True,True,"Hop, to it!"
The Princess and the Frog,Tiana,Female,African American,New Orleans,Protagonist,True,True,Are you mincing?
The Princess and the Frog,Tiana,Female,African American,New Orleans,Protagonist,True,True,"Step aside, Mister. Watch … And learn."
The Princess and the Frog,Tiana,Female,African American,New Orleans,Protagonist,True,True,There you go.
The Princess and the Frog,Tiana,Female,African American,New Orleans,Protagonist,True,True,Really?
The Princess and the Frog,Tiana,Female,African American,New Orleans,Protagonist,True,True,"Aw, poor baby."
The Princess and the Frog,Tiana,Female,African American,New Orleans,Protagonist,True,True,"Well hey … You’ve got to make some descent mushrooms mincer, ok?"
The Princess and the Frog,Tiana,Female,African American,New Orleans,Protagonist,True,True,Keep practicing and I just might hire you.
The Princess and the Frog,Tiana,Female,African American,New Orleans,Protagonist,True,True,No.
The Princess and the Frog,Ray,Male,African American,New Orleans,Supporting,False,True,You said hello and he said what. And you said: Get a ugly face in…
The Princess and the Frog,Tiana,Female,African American,New Orleans,Protagonist,True,True,Anyone for seconds?
The Princess and the Frog,Tiana,Female,African American,New Orleans,Protagonist,True,True,Why thank you!.
The Princess and the Frog,Ray,Male,African American,New Orleans,Supporting,False,True,There she is. The sweetest firefly of all creation.
The Princess and the Frog,Tiana,Female,African American,New Orleans,Protagonist,True,True,Evangeline?
The Princess and the Frog,Louis,Male,African American,New Orleans,Supporting,False,True,"I want to meet this girl, where she is?"
The Princess and the Frog,Ray,Male,African American,New Orleans,Supporting,False,True,"How can you miss her, she glows right up there, in front of you. Look how she lights up the sky Ma belle Evangeline"
The Princess and the Frog,Louis,Male,African American,New Orleans,Supporting,False,True,"Oh, that ain’t no firefly, that’s a… So far above me yet I Know her heart belongs to only me - J t’adore. - I adore you. - Je t’aime. - I love you. -Evangeline"
The Princess and the Frog,Tiana,Female,African American,New Orleans,Protagonist,True,True,"No, no. I don’t dance. Love always finds a way, it’s true"
The Princess and the Frog,Tiana,Female,African American,New Orleans,Protagonist,True,True,I’ve never danced. And I love you Evangeline
The Princess and the Frog,Ray,Male,African American,New Orleans,Supporting,False,True,"Oooh, yeah! Love is beautiful Love is wonderful Love is everything, do you agree? Mais oui! Look how she lights up the sky I love you, Evangeline"
The Princess and the Frog,Tiana,Female,African American,New Orleans,Protagonist,True,True,"Ah, Lottie’s goodness for a heck of a dance partner. We best we pushin’ on."
The Princess and the Frog,Tiana,Female,African American,New Orleans,Protagonist,True,True,Naveen!
The Princess and the Frog,Ray,Male,African American,New Orleans,Supporting,False,True,"No, no, no."
The Princess and the Frog,Mama Odie,Female,African American,New Orleans,Supporting,False,True,"Not bad for a 197 year old blind lady. Now, which one of you naughty children been messing with the Shadow Man?"
The Princess and the Frog,Tiana,Female,African American,New Orleans,Protagonist,True,True,We so glad we found you Mama Odie. Ray and Louis here been tellin’ us all about you. We’ve been travelling quite a long way. And you can’t imagine what we’ve been through. And we… And we heard that you …
The Princess and the Frog,Mama Odie,Female,African American,New Orleans,Supporting,False,True,"Juju! Come on, over here, you bad boy. Give a little sugar now. Y'all just loves your mama, don’t you? Good to see you again, Ray. How's your Grandma?"
The Princess and the Frog,Ray,Male,African American,New Orleans,Supporting,False,True,"Oh, she's fine. She got in a little trouble for flashin' the neighbors again."
The Princess and the Frog,Mama Odie,Female,African American,New Orleans,Supporting,False,True,I like that old gal's spunk!
The Princess and the Frog,Tiana,Female,African American,New Orleans,Protagonist,True,True,Mama Odie … We don’t want to take too much of your time.
The Princess and the Frog,Mama Odie,Female,African American,New Orleans,Supporting,False,True,You want some candies?
The Princess and the Frog,Tiana,Female,African American,New Orleans,Protagonist,True,True,"No, no thank you."
The Princess and the Frog,Mama Odie,Female,African American,New Orleans,Supporting,False,True,"Well now, that’s too bad. This is a special candy. Woulda turn y’all human. No, no, no, please."
The Princess and the Frog,Mama Odie,Female,African American,New Orleans,Supporting,False,True,I’m just messing with y’all.
The Princess and the Frog,Tiana,Female,African American,New Orleans,Protagonist,True,True,How on earth did you know that we want to turn back…
The Princess and the Frog,Mama Odie,Female,African American,New Orleans,Supporting,False,True,Juju! Why didn’t you tell me my gumbo was burnin’?
The Princess and the Frog,Louis,Male,African American,New Orleans,Supporting,False,True,You sure this is the right blind voodoo lady who lives in the boat in the tree in the bayou?
The Princess and the Frog,Ray,Male,African American,New Orleans,Supporting,False,True,Pretty sure.
The Princess and the Frog,Mama Odie,Female,African American,New Orleans,Supporting,False,True,"I can’t believe this, got to do everythin’ around here."
The Princess and the Frog,Tiana,Female,African American,New Orleans,Protagonist,True,True,"Mama Odie, if you …"
The Princess and the Frog,Mama Odie,Female,African American,New Orleans,Supporting,False,True,Taste it. Well?
The Princess and the Frog,Tiana,Female,African American,New Orleans,Protagonist,True,True,"Hit it hard with a couple of shots of Tabasco, and it’s the bee’s knees! Now, can we…"
The Princess and the Frog,Mama Odie,Female,African American,New Orleans,Supporting,False,True,"Juju! That’s got some zang to it. I guess that’s what we needed. Now, y'all figured out what you need?"
The Princess and the Frog,Tiana,Female,African American,New Orleans,Protagonist,True,True,"It’s just like you said, Mama Odie. We need to be human."
The Princess and the Frog,Mama Odie,Female,African American,New Orleans,Supporting,False,True,Y'all ain't got hte sense you was born with! You want to be human … But you blind to what you need.
The Princess and the Frog,Mama Odie,Female,African American,New Orleans,Supporting,False,True,"It’s the same thing? No! You listen to your Mama now. Don’t matter what you look like Don’t matter what you wear How many rings you got on your finger We don’t care - No we don’t care Don’t matter where you come from Don’t even matter what you are A dog, a pig, a cow, a goat Had ‘em all in here We had ‘em all in here And they all knew what they wanted What they wanted me to do I told ‘em what they needed Just like I be telling you You got to dig a little deeper Find out who you are You got to dig a little deeper It really ain’t that far When you find out who you are You’ll find out what you need Blue skies and sunshine guaranteed You got to dig - Dig You got to dig - Dig Prince Froggy is a rich little boy You wanna be rich again That ain’t gonna make you happy now Did it make you happy then? No! Money ain’t got no soul Money ain’t got no heart All you need is some self-control Make yourself a brand new start You got to dig a little deeper Don’t have far to go You got to dig a little deeper Tell the people Mama told you so Can’t tell you what you’ll find Maybe love will grant you peace of mind Dig a little deeper and you’ll know - Miss Froggy, - Ma’am ? - Might I have a word? - Yes, Ma’am. You’s a hard one, that’s what I heard Your daddy was a loving man Family through and through You your daddy’s daughter What he had in him you got in you You got to dig a little deeper For you it’s gonna be tough You got to dig a little deeper You ain’t dug near far enough Dig down deep inside yourself You’ll find out what you need Blue skies and sunshine guaranteed Open up the windows Let in the light children Blue skies and sunshine Blue skies and sunshine Blue skies and sunshine Guaranteed…"
The Princess and the Frog,Mama Odie,Female,African American,New Orleans,Supporting,False,True,"Well, Miss Froggy? Do you understand what you need now, child?"
The Princess and the Frog,Tiana,Female,African American,New Orleans,Protagonist,True,True,"Yes! I do, Mama Odie. I need to dig a little deeper and work even harder to get my restaurant."
The Princess and the Frog,Ray,Male,African American,New Orleans,Supporting,False,True,"All right y’all, one more time. It don’t matter what you look like It don’t… Nobody goin’ to sing with Ray? Okay."
The Princess and the Frog,Mama Odie,Female,African American,New Orleans,Supporting,False,True,"Well, if you y'all are set on bein’ human, there’s only one way. Gumbo, gumbo in the pot, We need a princess. Whatcha got?!"
The Princess and the Frog,Tiana,Female,African American,New Orleans,Protagonist,True,True,Lottie? But she'ss not a princess!
The Princess and the Frog,Mama Odie,Female,African American,New Orleans,Supporting,False,True,"Oh, hush up and look at gumbo!"
The Princess and the Frog,Tiana,Female,African American,New Orleans,Protagonist,True,True,"That’s right … Big Daddy is king of Mardi Gras parade. So, that makes Lottie… A princess."
The Princess and the Frog,Mama Odie,Female,African American,New Orleans,Supporting,False,True,"Yes it does, but only ‘til midnight, when Mardi Gras is over. Hop along, you only got ‘til the end to got that princess to kiss you. Once she does … Boom! You both turn’ human."
The Princess and the Frog,Tiana,Female,African American,New Orleans,Protagonist,True,True,That doesn’t give us much time at all.
The Princess and the Frog,Tiana,Female,African American,New Orleans,Protagonist,True,True,"What about me, Mama? I want to be human too, so I can play jazz with the big boys. I want fingers, and toes, and a belly button, Not the kind that sticks out, but the kind that goes in…"
The Princess and the Frog,Mama Odie,Female,African American,New Orleans,Supporting,False,True,"Jabber Jaws, you dig little deeper, you’ll find everythin’ you need. C’mon, C’mon, C’mon… You got a river to run here, darling. Y’all best get to swimmin’."
The Princess and the Frog,Louis,Male,African American,New Orleans,Supporting,False,True,Wait… I’ve got a better idea.
The Princess and the Frog,Louis,Male,African American,New Orleans,Supporting,False,True,"They got guns! Man, that is one Killer Diller costume. Hey gator, can you blow that horn? Come on, stay in with us, We're playing on Mardi Gras."
The Princess and the Frog,Ray,Male,African American,New Orleans,Supporting,False,True,We can't miss this. Little Louis gonna finally play with the big boys.
The Princess and the Frog,Tiana,Female,African American,New Orleans,Protagonist,True,True,"Naveen, you comin’?"
The Princess and the Frog,Ray,Male,African American,New Orleans,Supporting,False,True,"Whoa, whoa, whoa, cap’. You are makin’ googoo eyes on my girl? I will make some shoes out of you."
The Princess and the Frog,Ray,Male,African American,New Orleans,Supporting,False,True,"I knew it, I knew it, I knew it! You come here, you…"
The Princess and the Frog,Ray,Male,African American,New Orleans,Supporting,False,True,I can’t wait to tell chere.
The Princess and the Frog,Ray,Male,African American,New Orleans,Supporting,False,True,"Right, you bet…"
The Princess and the Frog,Tiana,Female,African American,New Orleans,Protagonist,True,True,Where are you taking me?
The Princess and the Frog,Tiana,Female,African American,New Orleans,Protagonist,True,True,Oh… All my years. No one’s ever done anything like this for me.
The Princess and the Frog,Tiana,Female,African American,New Orleans,Protagonist,True,True,What’s this? You minced!
The Princess and the Frog,Tiana,Female,African American,New Orleans,Protagonist,True,True,"No, it’s cute."
The Princess and the Frog,Tiana,Female,African American,New Orleans,Protagonist,True,True,There it is!
The Princess and the Frog,Tiana,Female,African American,New Orleans,Protagonist,True,True,"Oh, can you just picture it? All lit up like the Fourth of July."
The Princess and the Frog,Tiana,Female,African American,New Orleans,Protagonist,True,True,It should be elegant.
The Princess and the Frog,Tiana,Female,African American,New Orleans,Protagonist,True,True,You know a good ukulele player?
The Princess and the Frog,Tiana,Female,African American,New Orleans,Protagonist,True,True,I’ll talk to the owner … Owner says…yes. Folks are gonna be comin’ together from all walks of life just to get a taste of our food.
The Princess and the Frog,Tiana,Female,African American,New Orleans,Protagonist,True,True,"Oh no, no, no. My Daddy… He always wanted open this restaurant. He died before he could see it happened. But tomorrow … with your help, our dreams are finally comin’ true."
The Princess and the Frog,Tiana,Female,African American,New Orleans,Protagonist,True,True,"If I don’t deliver that money first thing tomorrow, I lose this place forever."
The Princess and the Frog,Tiana,Female,African American,New Orleans,Protagonist,True,True,Evangeline … I’ve always been so sure about what i wanted. But now … What do I do? Please tell me.
The Princess and the Frog,Charlotte,Female,Caucasian,New Orleans,Protagonist,False,False,"Prince Naveen, darlin’. You better hurry up. Don’t wanna be late for our Mardi Gras weddin’."
The Princess and the Frog,Lawrence,Male,Caucasian,New Orleans,Antagonist,False,False,"Getting dressed. Just a few moments, my dear Charlotte."
The Princess and the Frog,Charlotte,Female,Caucasian,New Orleans,Protagonist,False,False,"Okay, honeylame. We’ll been waitin’ in the packwood. Daddy, start the car!"
The Princess and the Frog,Lawrence,Male,Caucasian,New Orleans,Antagonist,False,False,"Oh, heavens … I’m doomed. Ow! Dr. Facilier: No, Larry. I’m the one who’s doomed. Less me get that frog’s blood… We are back in business, boys."
The Princess and the Frog,Tiana,Female,African American,New Orleans,Protagonist,True,True,Ray. Have you seen Naveen?
The Princess and the Frog,Ray,Male,African American,New Orleans,Supporting,False,True,"Look at you, where’s the ring at?"
The Princess and the Frog,Tiana,Female,African American,New Orleans,Protagonist,True,True,What are you talking about?
The Princess and the Frog,Ray,Male,African American,New Orleans,Supporting,False,True,"Well, if captain say nothing I ain’t gonna say nothing Because old Ray sealed up tight as a drum you ain’t got nothin’ out of me, no!"
The Princess and the Frog,Tiana,Female,African American,New Orleans,Protagonist,True,True,Ray?
The Princess and the Frog,Ray,Male,African American,New Orleans,Supporting,False,True,"Okay, captain ain’t gonna marry Charlotte, he gonna marry you! Soon as he get himself kissed, and you both turn human, he go find a job, get you that restaurant.... I said too much, didn’t I?"
The Princess and the Frog,Tiana,Female,African American,New Orleans,Protagonist,True,True,"You said just enough, Ray! Thank you, Evangeline. He was trying to propose, that’s what all that fun was about. And here I thought, all he wanted was to marry a rich girl."
The Princess and the Frog,Ray,Male,African American,New Orleans,Supporting,False,True,Rhat are we looking for in here?
The Princess and the Frog,Tiana,Female,African American,New Orleans,Protagonist,True,True,"You just keep your eyes at one of of the biggest godies float with a Mardi Gras princess about to kissed herself a …a frog. Dear beloved, we are gathered here tonight in this fine celebration to join together this prince and this young woman in holy matrimony."
The Princess and the Frog,Ray,Male,African American,New Orleans,Supporting,False,True,"Oh, no, this can’t be right, darlin’. Then how you can still be a frog? Mama Odie…she’s…"
The Princess and the Frog,Ray,Male,African American,New Orleans,Supporting,False,True,"I know what we’ve seen with our eyes but… If we just go back there, we gonna find that your fairy tale come true."
The Princess and the Frog,Tiana,Female,African American,New Orleans,Protagonist,True,True,"Just because you wish for somethin’, doesn’t make it true."
The Princess and the Frog,Ray,Male,African American,New Orleans,Supporting,False,True,It’s like my Evangeline always said to me …
The Princess and the Frog,Tiana,Female,African American,New Orleans,Protagonist,True,True,"Evangeline is nothing but a star, Ray! A big ball of hot air a million miles from here. Open your eyes now! Before you get hurted."
The Princess and the Frog,Ray,Male,African American,New Orleans,Supporting,False,True,"She’s just big in a broken heart… That’s all it is. Come on Evangeline. We gonna show chere the truth. If any of you, object to the union of this two people speak now or forever hold your peace."
The Princess and the Frog,Ray,Male,African American,New Orleans,Supporting,False,True,"Cap, what are you doing, son? …as long as you both shall live?"
The Princess and the Frog,Ray,Male,African American,New Orleans,Supporting,False,True,"Is that you, cap?"
The Princess and the Frog,Ray,Male,African American,New Orleans,Supporting,False,True,"I can’t hear you, I’ll go get you out of this box. …as long as you both shall live?"
The Princess and the Frog,Charlotte,Female,Caucasian,New Orleans,Protagonist,False,False,"Oh, I do. Then so, by the power invested in me by the state of Louisiana ,I now pronounce you … Man and. .."
The Princess and the Frog,Charlotte,Female,Caucasian,New Orleans,Protagonist,False,False,Prince Naveen!
The Princess and the Frog,Charlotte,Female,Caucasian,New Orleans,Protagonist,False,False,Goodness gracious! Are you all right?
The Princess and the Frog,Lawrence,Male,Caucasian,New Orleans,Antagonist,False,False,I just need a moment to compose myself.
The Princess and the Frog,Charlotte,Female,Caucasian,New Orleans,Protagonist,False,False,Cheese and crackers!
The Princess and the Frog,Lawrence,Male,Caucasian,New Orleans,Antagonist,False,False,It’s payback for all those years of… Humiliation. Dr. Facilier: Get your royal rump back on that wedding cake and finish this deal. What is he doing? Stop him!
The Princess and the Frog,Ray,Male,African American,New Orleans,Supporting,False,True,I got him. it got me too!
The Princess and the Frog,Louis,Male,African American,New Orleans,Supporting,False,True,"Ray? Hey, why did you stop? He's a real gator!"
The Princess and the Frog,Ray,Male,African American,New Orleans,Supporting,False,True,Chere! Chere!
The Princess and the Frog,Tiana,Female,African American,New Orleans,Protagonist,True,True,Ray?
The Princess and the Frog,Ray,Male,African American,New Orleans,Supporting,False,True,This proves what we saw ain’t what we thought we saw.
The Princess and the Frog,Tiana,Female,African American,New Orleans,Protagonist,True,True,What is this?
The Princess and the Frog,Ray,Male,African American,New Orleans,Supporting,False,True,"It’s a voodoo hayacail! The Shadow Man, he’s been usin’ it for the... You can’t let Shadow Man get this, no matter what. Now run girl, run! Do not make me light my butt! I'm going to get you1 I got a lot more of me! Come here, you! Who's next?"
The Princess and the Frog,Louis,Male,African American,New Orleans,Supporting,False,True,Ray! What … Ray?
The Princess and the Frog,Tiana,Female,African American,New Orleans,Protagonist,True,True,Back off or I’m gonna break this into a million pieces!
The Princess and the Frog,Tiana,Female,African American,New Orleans,Protagonist,True,True,"Naveen? Dr. Facilier: Now, isn’t this whole life better than hoppin’ around bayou for the rest of your life?"
The Princess and the Frog,Tiana,Female,African American,New Orleans,Protagonist,True,True,"Shadow Man? Dr. Facilier: Got a head to you, Tiana. When you dream, you dream big. Just look at this place! Gonna be the crown jewel of the Crescent City. And all you got to do, to make this reality It’s handle that little talisman of mine."
The Princess and the Frog,Tiana,Female,African American,New Orleans,Protagonist,True,True,"No. This-this is not right. Dr. Facilier: Come on, darlin’. Think of everything you sacrificed. Girl, all you ever do is work. I told y’all she wouldn’t come. Dr. Facilier: Think of all those maecenas who doubted you. You ain’t never gonna get enough for the dang payment. Woman of your background, you better off will y’all. Dr. Facilier: And don’t forget your poor Daddy. Now, that was one hard working man. See you tomorrow, James! Dr. Facilier: Double, sometimes triple shifts. Never let know how bone tired, beat darlin’ really was. Daddy! Hey, baby cakes. Dr. Facilier: Shame on that hard work, didn’t amount much more than a busted up, old gumbo pot and a dream that never get off the back porch. But you? You can give your poor Daddy everything he ever wanted. Come on, Tiana. You’re almost there."
The Princess and the Frog,Tiana,Female,African American,New Orleans,Protagonist,True,True,"My Daddy never did get what he wanted. But he had what he needed. He had love. Never lost a sight what was really important. Dr, Falcilier: Easy with that! Careful!"
The Princess and the Frog,Tiana,Female,African American,New Orleans,Protagonist,True,True,"And neither will I. Dr. Facilier: Y'all shoulda taken ma deal.  Now, you're gonna spend the rest o' your life bein' a slimy little frog!"
The Princess and the Frog,Tiana,Female,African American,New Orleans,Protagonist,True,True,"I got news for you, Shadow Man. It's not slime, it's mucus! Dr. Facilier: No! NO!!  How am I ever gonna pay back my debt?!"
The Princess and the Frog,Charlotte,Female,Caucasian,New Orleans,Protagonist,False,False,Prince! Prince Naveen! Your shy and retirin’ bride to be completely is gettin’ antsy!
The Princess and the Frog,Lawrence,Male,Caucasian,New Orleans,Antagonist,False,False,"Hello, darling!"
The Princess and the Frog,Charlotte,Female,Caucasian,New Orleans,Protagonist,False,False,AAAAAAAAHHHHHHHHHHHH!!!!!!
The Princess and the Frog,Charlotte,Female,Caucasian,New Orleans,Protagonist,False,False,Did you say prince?
The Princess and the Frog,Big Daddy,Male,Caucasian,New Orleans,Antagonist,False,False,"Boys, drag this maggot down to the Parish prison."
The Princess and the Frog,Lawrence,Male,Caucasian,New Orleans,Antagonist,False,False,I’m completely innocent. The Shadow Man bamboozled me.
The Princess and the Frog,Charlotte,Female,Caucasian,New Orleans,Protagonist,False,False,"Goodness gracious! This is so much to absorb. Let me see if I got this right. If I kiss you before midnight, you and Tiana will turn human again, and then we gonna get ourselves married and live happily ever after! The end!"
The Princess and the Frog,Charlotte,Female,Caucasian,New Orleans,Protagonist,False,False,"Anything you want, sugar. Pucker up, buttercup!"
The Princess and the Frog,Tiana,Female,African American,New Orleans,Protagonist,True,True,Wait!
The Princess and the Frog,Charlotte,Female,Caucasian,New Orleans,Protagonist,False,False,Tiana?
The Princess and the Frog,Tiana,Female,African American,New Orleans,Protagonist,True,True,Don’t do this.
The Princess and the Frog,Tiana,Female,African American,New Orleans,Protagonist,True,True,I won’t let you!
The Princess and the Frog,Tiana,Female,African American,New Orleans,Protagonist,True,True,"My dream? My dream wouldn’t be complete without you in it. I love you, Naveen."
The Princess and the Frog,Tiana,Female,African American,New Orleans,Protagonist,True,True,Warts and all.
The Princess and the Frog,Charlotte,Female,Caucasian,New Orleans,Protagonist,False,False,"All my life, I read about true love and fairytales, and… Tia, you found it! I’ll kiss him! For you, honey! No marriage required. Oh my word! M-maybe that ol’ clock’s a little fast! I’m so sorry."
The Princess and the Frog,Louis,Male,African American,New Orleans,Supporting,False,True,Tiana! Naveen!
The Princess and the Frog,Louis,Male,African American,New Orleans,Supporting,False,True,Shadow Man done laid poor Ray low!
The Princess and the Frog,Tiana,Female,African American,New Orleans,Protagonist,True,True,Ray...
The Princess and the Frog,Louis,Male,African American,New Orleans,Supporting,False,True,He’s hurtin’ awful bad.
The Princess and the Frog,Ray,Male,African American,New Orleans,Supporting,False,True,"Hey, chere... How come, y’all still…"
The Princess and the Frog,Tiana,Female,African American,New Orleans,Protagonist,True,True,"We are stayin’ frogs, Ray."
The Princess and the Frog,Ray,Male,African American,New Orleans,Supporting,False,True,"Oh, I like that very much. Evangeline like that too. So, by the power invested in me … I now pronounce you frog and wife. Get to it, Hop Lone, and give your lovely bride some sugar. Congratulations! This gonna be good!"
The Princess and the Frog,Mama Odie,Female,African American,New Orleans,Supporting,False,True,"Like I told y’all, kissing a princess breaks the spell."
The Princess and the Frog,Tiana,Female,African American,New Orleans,Protagonist,True,True,A princess. You just kissed yourself a princess!
The Princess and the Frog,Charlotte,Female,Caucasian,New Orleans,Protagonist,False,False,Who would’ve thought the prince would've had a younger brother. How old did you say you were? I’m six and a half.
The Princess and the Frog,Charlotte,Female,Caucasian,New Orleans,Protagonist,False,False,"Well, I've waited this long. Grab somebody, come on down Bring your paintbrush, we’re painting the town There’s some sweetness going around Dreams do come true in New Orleans."
