Film Title,Character,Gender,Race/Ethnicity,Culture,Role,Marginalized,POC,Dialogue,Cleaned Dialogue,Sentiment Scores,Compound Score,Sentiment
Mulan,General Li,Male,Chinese,Chinese,Supporting,True,True,"Your Majesty, the Huns have crossed our Northern border.","Your Majesty, the Huns have crossed our Northern border.","{'neg': 0.0, 'neu': 1.0, 'pos': 0.0, 'compound': 0.0}",0.0,Neutral ğŸ˜
Mulan,General Li,Male,Chinese,Chinese,Supporting,True,True,Shun-Yu is leading them.  We'll set up defenses around your palace immediately.,Shun-Yu is leading them.  We will set up defenses around your palace immediately.,"{'neg': 0.0, 'neu': 0.876, 'pos': 0.124, 'compound': 0.1779}",0.1779,Positive ğŸ˜Š
Mulan,Emperor,Male,Chinese,Chinese,Supporting,True,True,Deliver conscription notices throughout all the provinces.  Call up reserves and as many new recruits as possible.,Deliver conscription notices throughout all the provinces.  Call up reserves and as many new recruits as possible.,"{'neg': 0.0, 'neu': 1.0, 'pos': 0.0, 'compound': 0.0}",0.0,Neutral ğŸ˜
Mulan,General Li,Male,Chinese,Chinese,Supporting,True,True,"Forgive me your Majesty, but I believe my troops can stop him.","Forgive me your Majesty, but I believe my troops can stop him.","{'neg': 0.21, 'neu': 0.674, 'pos': 0.116, 'compound': -0.3071}",-0.3071,Negative ğŸ˜¡
Mulan,Emperor,Male,Chinese,Chinese,Supporting,True,True,"I wont take any chances, General.  A single grain of rice can tip the scale.  One man may be the difference between victory and defeat. [Cut to Mulan using her chopsticks to single out a grain of rice on top of the mound of rice]","I will not take any chances, General.  A single grain of rice can tip the scale.  One man may be the difference between victory and defeat.","{'neg': 0.173, 'neu': 0.827, 'pos': 0.0, 'compound': -0.5562}",-0.5562,Negative ğŸ˜¡
Mulan,Mulan,Female,Chinese,Chinese,Protagonist,True,True,"Quiet and demure...graceful...polite...[picking up some rice with her chopsticks and eating a mouthful] delicate...refined...poised... [She sets down her chopsticks and writes down a final word on her right arm] punctual. Aiya.    Little brother. Little brother.  Lit- ahhh, there you are.  Who's the smartest doggie in the world?  Come on smart boy, can you help me with my chores today? [Mulan ties a sack of grain around Little Brother's waist.  She ties a stick onto Little brother so that end of it is in front of Little Brother's face. She ties the bone on the end of the stick just out of reach.  Little Brother begins to run after the bone which he cannot reach.  Mulan opens the door for Little Brother and he runs into the door frame, then out the open door. Little brother runs by the chickens and Khan - the family horse] [Cut to Mulan's Father, Fa Zhou, kneeling and praying before the Fa family's ancestors]","Quiet and demure...graceful...polite... delicate...refined...poised...  punctual. Aiya.    Little brother. Little brother.  Lit- ahhh, there you are.  Who is the smartest doggie in the world?  Come on smart boy, can you help me with my chores today?","{'neg': 0.0, 'neu': 0.766, 'pos': 0.234, 'compound': 0.8677}",0.8677,Positive ğŸ˜Š
Mulan,Fa Zhou,Male,Chinese,Chinese,Supporting,True,True,"Honorable ancestors, please help Mulan impress the matchmaker today. Little Brother [running into the temple and around Fa Zhou scattering grain around the floor]: Bark, bark, bark, bark, bark. [The chickens follow Little Brother into the temple and begin to feed on the grain]","Honorable ancestors, please help Mulan impress the matchmaker today. Little Brother : Bark, bark, bark, bark, bark.","{'neg': 0.0, 'neu': 0.513, 'pos': 0.487, 'compound': 0.886}",0.886,Positive ğŸ˜Š
Mulan,Fa Zhou,Male,Chinese,Chinese,Supporting,True,True,"Please, PLEASE, help her. [Mulan steps up to the temple seeing Little Brother on his hind legs trying to get the bone.  Mulan bends the stick down so that Little brother can reach the bone.  Little brother gnaws on the bone happily.  Mulan continues toward the temple]","Please, PLEASE, help her.","{'neg': 0.0, 'neu': 0.111, 'pos': 0.889, 'compound': 0.7925}",0.7925,Positive ğŸ˜Š
Mulan,Fa Zhou,Male,Chinese,Chinese,Supporting,True,True,Mulan--,Mulan--,"{'neg': 0.0, 'neu': 1.0, 'pos': 0.0, 'compound': 0.0}",0.0,Neutral ğŸ˜
Mulan,Mulan,Female,Chinese,Chinese,Protagonist,True,True,I brought a spare. [Mulan pulls out a cup from underneath the back of her dress and begins to pour the tea],I brought a spare.,"{'neg': 0.0, 'neu': 1.0, 'pos': 0.0, 'compound': 0.0}",0.0,Neutral ğŸ˜
Mulan,Fa Zhou,Male,Chinese,Chinese,Supporting,True,True,Mulan--,Mulan--,"{'neg': 0.0, 'neu': 1.0, 'pos': 0.0, 'compound': 0.0}",0.0,Neutral ğŸ˜
Mulan,Fa Zhou,Male,Chinese,Chinese,Supporting,True,True,Mulan--,Mulan--,"{'neg': 0.0, 'neu': 1.0, 'pos': 0.0, 'compound': 0.0}",0.0,Neutral ğŸ˜
Mulan,Mulan,Female,Chinese,Chinese,Protagonist,True,True,And three at night.,And three at night.,"{'neg': 0.0, 'neu': 1.0, 'pos': 0.0, 'compound': 0.0}",0.0,Neutral ğŸ˜
Mulan,Fa Zhou,Male,Chinese,Chinese,Supporting,True,True,"Mulan, you should already be in town.  We're counting on you to up--","Mulan, you should already be in town.  We are counting on you to up--","{'neg': 0.0, 'neu': 1.0, 'pos': 0.0, 'compound': 0.0}",0.0,Neutral ğŸ˜
Mulan,Mulan,Female,Chinese,Chinese,Protagonist,True,True,--uphold the family honor.  Don't worry father.  I wont let you down. Wish me luck.,--uphold the family honor.  Do not worry father.  I will not let you down. Wish me luck.,"{'neg': 0.0, 'neu': 0.515, 'pos': 0.485, 'compound': 0.8835}",0.8835,Positive ğŸ˜Š
Mulan,Fa Li,Female,Chinese,Chinese,Supporting,True,True,Of all days to be late.  I should have prayed to the ancestors for luck.,Of all days to be late.  I should have prayed to the ancestors for luck.,"{'neg': 0.0, 'neu': 0.812, 'pos': 0.188, 'compound': 0.4588}",0.4588,Positive ğŸ˜Š
Mulan,Mulan,Female,Chinese,Chinese,Protagonist,True,True,I'm here.   What?  But Mama I had to--,I am here.   What?  But Mama I had to--,"{'neg': 0.0, 'neu': 1.0, 'pos': 0.0, 'compound': 0.0}",0.0,Neutral ğŸ˜
Mulan,Fa Li,Female,Chinese,Chinese,Supporting,True,True,None of your 'xcuses.  Now let's get you cleaned up. [They walk together into the preparation area],None of your 'xcuses.  Now let us get you cleaned up.,"{'neg': 0.0, 'neu': 1.0, 'pos': 0.0, 'compound': 0.0}",0.0,Neutral ğŸ˜
Mulan,Matchmaker,Female,Chinese,Chinese,Supporting,True,True,Speaking without permission.,Speaking without permission.,"{'neg': 0.0, 'neu': 1.0, 'pos': 0.0, 'compound': 0.0}",0.0,Neutral ğŸ˜
Mulan,Mulan,Female,Chinese,Chinese,Protagonist,True,True,Oops.,Oops.,"{'neg': 0.0, 'neu': 1.0, 'pos': 0.0, 'compound': 0.0}",0.0,Neutral ğŸ˜
Mulan,Matchmaker,Female,Chinese,Chinese,Supporting,True,True,Well...,Well...,"{'neg': 0.0, 'neu': 1.0, 'pos': 0.0, 'compound': 0.0}",0.0,Neutral ğŸ˜
Mulan,Matchmaker,Female,Chinese,Chinese,Supporting,True,True,And silent!,And silent!,"{'neg': 0.0, 'neu': 1.0, 'pos': 0.0, 'compound': 0.0}",0.0,Neutral ğŸ˜
Mulan,Matchmaker,Female,Chinese,Chinese,Supporting,True,True,"Why you clumsy--[Matchmaker feels Cri-Kee in her dress and dances around]  Wooo, woooo, wooooooo, [Matchmaker knocks over her pot of coals, and sits down on the coals.  Matchmaker jumps around screaming]  Ahhhhhhhhhhh [Mulan grabs her fan and briskly fans the charred area on Matchmaker's behind causing it to flame up.  Mulan looks surprised about her mistake] [Cut to outside Matchmakers building showing Grandma Fa with much noise coming from Matchmaker's building]","Why you clumsy--  Wooo, woooo, wooooooo,   Ahhhhhhhhhhh","{'neg': 0.0, 'neu': 1.0, 'pos': 0.0, 'compound': 0.0}",0.0,Neutral ğŸ˜
Mulan,Fa Zhou,Male,Chinese,Chinese,Supporting,True,True,"My, my, what beautiful blossoms we have this year [looking up into the blossom tree].  But look, this one's late.  But, I'll bet that when it blooms, it will be the most beautiful of all.  [Mulan and Fa Zhou share smiles.  Drums start pounding announcing the arrival of Chi Fu and two guards on horseback]","My, my, what beautiful blossoms we have this year .  But look, this one's late.  But, I will bet that when it blooms, it will be the most beautiful of all.","{'neg': 0.0, 'neu': 0.776, 'pos': 0.224, 'compound': 0.8316}",0.8316,Positive ğŸ˜Š
Mulan,Mulan,Female,Chinese,Chinese,Protagonist,True,True,What is it? [Fa Zhou gets up and walks to the entrance of their house with Mulan following],What is it?,"{'neg': 0.0, 'neu': 1.0, 'pos': 0.0, 'compound': 0.0}",0.0,Neutral ğŸ˜
Mulan,Fa Li,Female,Chinese,Chinese,Supporting,True,True,"Mulan, stay inside. [Grandma Fa clears her throat catching Mulan's attention and motions inside. Mulan spies the railing near the wall and climbs up to watch over the roof]","Mulan, stay inside.","{'neg': 0.0, 'neu': 1.0, 'pos': 0.0, 'compound': 0.0}",0.0,Neutral ğŸ˜
Mulan,Mulan,Female,Chinese,Chinese,Protagonist,True,True,No. [Fa Zhou gives his cane to Fa Li and walks toward Chi Fu.  Fa Zhou bows before the horsemen],No.,"{'neg': 1.0, 'neu': 0.0, 'pos': 0.0, 'compound': -0.296}",-0.296,Negative ğŸ˜¡
Mulan,Mulan,Female,Chinese,Chinese,Protagonist,True,True,"Please sir, my father has already fought bravely--","Please sir, my father has already fought bravely--","{'neg': 0.217, 'neu': 0.566, 'pos': 0.217, 'compound': 0.0}",0.0,Neutral ğŸ˜
Mulan,Fa Zhou,Male,Chinese,Chinese,Supporting,True,True,"Yes, sir. [Fa Zhou walks back into the homestead refusing to take his cane from Fa Li]","Yes, sir.","{'neg': 0.0, 'neu': 0.27, 'pos': 0.73, 'compound': 0.4019}",0.4019,Positive ğŸ˜Š
Mulan,Mulan,Female,Chinese,Chinese,Protagonist,True,True,You shouldn't have to go.,You should not have to go.,"{'neg': 0.0, 'neu': 1.0, 'pos': 0.0, 'compound': 0.0}",0.0,Neutral ğŸ˜
Mulan,Fa Li,Female,Chinese,Chinese,Supporting,True,True,Mulan!,Mulan!,"{'neg': 0.0, 'neu': 1.0, 'pos': 0.0, 'compound': 0.0}",0.0,Neutral ğŸ˜
Mulan,Mulan,Female,Chinese,Chinese,Protagonist,True,True,There are plenty of young men to fight for China.,There are plenty of young men to fight for China.,"{'neg': 0.224, 'neu': 0.776, 'pos': 0.0, 'compound': -0.3818}",-0.3818,Negative ğŸ˜¡
Mulan,Fa Zhou,Male,Chinese,Chinese,Supporting,True,True,It is an honor to protect my country and my family.,It is an honor to protect my country and my family.,"{'neg': 0.0, 'neu': 0.608, 'pos': 0.392, 'compound': 0.7003}",0.7003,Positive ğŸ˜Š
Mulan,Fa Zhou,Male,Chinese,Chinese,Supporting,True,True,"I know my place, it is time you learned yours. [Mulan looking like she's about to cry, turn away from Fa Zhou and runs outside into the rain storm and cries] [Cut to Mulan sitting at the base of the Great Stone Dragon in the rain. Mulan looks down to see her reflection in the puddle caused by the rain. She watches her parents in the bedroom.  Fa Li turns away from Fa Zhou and walks out of site.  Fa Zhou blows out the light.  Mulan gets up and walks to the Fa Family Temple.  Mulan's image reflects off the stone tablets as she lights incense and places it in the hanging encense holder.  She bows and prays to her ancestors. Getting up, Mulan hurries down the steps.  Cri-Kee sees her and hops down from above and follows her.  Mulan goes to her parent's bedroom and takes the conscription notice replacing it with the hair comb her mother gave to her.  She pauses to give her parents a loving, sorrowful look and hurries out.  Cut to Mulan in the armory.  She opens the cabinet with the armor. Using her father's sword, she cuts her hair short and ties it up above her head.  She finishes putting on the armor and ties it in the front.  She takes the sword and places it in the scabbard to her left.  Cut to Mulan in the stable doorway.  Khan rears back in fright at the sight of Mulan.  Mulan goes forward and comforts Khan letting him know her identity.  Mulan walks Khan out of the stable, Cri-Kee watches from the ground as she passes by.  Mulan takes one sorrowful glance back at her parents bedroom and rides Khan through the gate and off to camp.] [Cut to the face of a statue in the Fa Family Temple.  The eyes glow.  Cut to Grandma Fa.  She wakes up with a start rising in bed.  Cut to Grandma Fa walking into Fa Li and Fa Zhou's bedroom, both are in bed]","I know my place, it is time you learned yours.","{'neg': 0.0, 'neu': 1.0, 'pos': 0.0, 'compound': 0.0}",0.0,Neutral ğŸ˜
Mulan,Mushu,Male,Mythical Creature,Chinese,Supporting,False,False,"Hey, let me say something. Anybody who is foolish enough to threaten our family, vengeance will be MINE.  Hrrrrr.","Hey, let me say something. Anybody who is foolish enough to threaten our family, vengeance will be MINE.  Hrrrrr.","{'neg': 0.217, 'neu': 0.783, 'pos': 0.0, 'compound': -0.5719}",-0.5719,Negative ğŸ˜¡
Mulan,Mushu,Male,Mythical Creature,Chinese,Supporting,False,False,I...ring the gong.,I...ring the gong.,"{'neg': 0.0, 'neu': 1.0, 'pos': 0.0, 'compound': 0.0}",0.0,Neutral ğŸ˜
Mulan,First Ancestor,Male,Spiritual Entity,Chinese,Supporting,False,False,"That's right, now, wake up the ancestors.","That is right, now, wake up the ancestors.","{'neg': 0.0, 'neu': 1.0, 'pos': 0.0, 'compound': 0.0}",0.0,Neutral ğŸ˜
Mulan,Mushu,Male,Mythical Creature,Chinese,Supporting,False,False,"One family reunion coming right up.   Okay people, people look alive, lets go! C'mon get up.  Let's move it, rise and shine. You're way past the beauty sleep thing now trust me!","One family reunion coming right up.   Okay people, people look alive, let us go! C'mon get up.  Let us move it, rise and shine. You are way past the beauty sleep thing now trust me!","{'neg': 0.0, 'neu': 0.718, 'pos': 0.282, 'compound': 0.9039}",0.9039,Positive ğŸ˜Š
Mulan,First Ancestor,Male,Spiritual Entity,Chinese,Supporting,False,False,Silence!  We must send the most powerful of all [Motioning to the Great Stone Dragon as it is seen through the window],Silence!  We must send the most powerful of all,"{'neg': 0.0, 'neu': 0.703, 'pos': 0.297, 'compound': 0.5244}",0.5244,Positive ğŸ˜Š
Mulan,Mushu,Male,Mythical Creature,Chinese,Supporting,False,False,And your point is?,And your point is?,"{'neg': 0.0, 'neu': 1.0, 'pos': 0.0, 'compound': 0.0}",0.0,Neutral ğŸ˜
Mulan,First Ancestor,Male,Spiritual Entity,Chinese,Supporting,False,False,The point is we will be sending a real dragon to retrieve Mulan.,The point is we will be sending a real dragon to retrieve Mulan.,"{'neg': 0.0, 'neu': 1.0, 'pos': 0.0, 'compound': 0.0}",0.0,Neutral ğŸ˜
Mulan,Mushu,Male,Mythical Creature,Chinese,Supporting,False,False,"What?  But I'm a real dragon. First Ancestor [grabbing Mushu and pulling him away from the guardian post as Mushu fights to hold on]:  You are not worthy of this spot.  Now, awaken the Great Stone Dragon.","What?  But I am a real dragon. First Ancestor :  You are not worthy of this spot.  Now, awaken the Great Stone Dragon.","{'neg': 0.116, 'neu': 0.673, 'pos': 0.211, 'compound': 0.5486}",0.5486,Positive ğŸ˜Š
Mulan,First Ancestor,Male,Spiritual Entity,Chinese,Supporting,False,False,"Go, The fate of the Fa Family rests in your claws.","Go, The fate of the Fa Family rests in your claws.","{'neg': 0.0, 'neu': 1.0, 'pos': 0.0, 'compound': 0.0}",0.0,Neutral ğŸ˜
Mulan,Mushu,Male,Mythical Creature,Chinese,Supporting,False,False,"Don't even worry about it, I will not lose face.  [Mushu falls down the hill under the weight of the Great Stone Dragon's head and lands on the dragon's pedestal with the head falling on top of him]","Do not even worry about it, I will not lose face.","{'neg': 0.0, 'neu': 0.632, 'pos': 0.368, 'compound': 0.5667}",0.5667,Positive ğŸ˜Š
Mulan,Cri-Kee,Male,Cricket,Chinese,Supporting,False,False,"Chirp, Chirp.","Chirp, Chirp.","{'neg': 0.0, 'neu': 1.0, 'pos': 0.0, 'compound': 0.0}",0.0,Neutral ğŸ˜
Mulan,Mushu,Male,Mythical Creature,Chinese,Supporting,False,False,"Go get her?   What's the matter with you?  After this great stone Humpty Dumpty mess, I'd have to bring her home with a medal to get back in the temple.  Wait a minute, that's it!  I make Mulan a war hero, then they'll be begging me to come back to work.  That's the master plan.  Oh, you've gone and done it now.","Go get her?   What is the matter with you?  After this great stone Humpty Dumpty mess, I would have to bring her home with a medal to get back in the temple.  Wait a minute, that is it!  I make Mulan a war hero, then they will be begging me to come back to work.  That is the master plan.  Oh, you have gone and done it now.","{'neg': 0.083, 'neu': 0.743, 'pos': 0.174, 'compound': 0.7862}",0.7862,Positive ğŸ˜Š
Mulan,Cri-Kee,Male,Cricket,Chinese,Supporting,False,False,"Chirp, Chirp.","Chirp, Chirp.","{'neg': 0.0, 'neu': 1.0, 'pos': 0.0, 'compound': 0.0}",0.0,Neutral ğŸ˜
Mulan,Mushu,Male,Mythical Creature,Chinese,Supporting,False,False,"You're lucky?  Ho, ho, heh.  Do I look like a sucker to you?","You are lucky?  Ho, ho, heh.  Do I look like a sucker to you?","{'neg': 0.268, 'neu': 0.429, 'pos': 0.303, 'compound': 0.168}",0.168,Positive ğŸ˜Š
Mulan,Cri-Kee,Male,Cricket,Chinese,Supporting,False,False,Chirp. Chirp.,Chirp. Chirp.,"{'neg': 0.0, 'neu': 1.0, 'pos': 0.0, 'compound': 0.0}",0.0,Neutral ğŸ˜
Mulan,Mushu,Male,Mythical Creature,Chinese,Supporting,False,False,"Whach' you mean loser?  How 'bout I pop one of your antenna's off and throw it across the yard.  Then who's a loser, me or you? [Cut to Shan-Yu leading his army at a charge on horseback through a forest. He stops and motions stage right.  Hun Archer, Hun Strong Guy, Hun Long-Hair Guy dismount and walk into the forest.  They throw down two Imperial scouts before the rest of the army]","Whach' you mean loser?  How 'bout I pop one of your antenna's off and throw it across the yard.  Then who is a loser, me or you?","{'neg': 0.237, 'neu': 0.763, 'pos': 0.0, 'compound': -0.7998}",-0.7998,Negative ğŸ˜¡
Mulan,Mulan,Female,Chinese,Chinese,Protagonist,True,True,"Okay, okay, how 'bout this?  Ahem,  excuse me, where do I sign in?  Hah, I see you have a sword.  I have one too.  They're very manly and tough [Mulan bites her lip as she mishandles pulling the sword out of the scabbard and it falls to the ground.  Khan rolls on his back in laughter.  Mulan throws her shoe and hits Khan in the head with it quieting Khan].  I'm working on it.  Who am I fooling?  It's going to take a miracle to get me into the army. [Mushu appears as a giant shadow being cast on a rock with flames on either side.  Mushu's real appearance remains out of sight]","Okay, okay, how 'bout this?  Ahem,  excuse me, where do I sign in?  Hah, I see you have a sword.  I have one too.  They are very manly and tough .  I am working on it.  Who am I fooling?  It is going to take a miracle to get me into the army.","{'neg': 0.084, 'neu': 0.737, 'pos': 0.178, 'compound': 0.6093}",0.6093,Positive ğŸ˜Š
Mulan,Mushu,Male,Mythical Creature,Chinese,Supporting,False,False,That's close enough.,That is close enough.,"{'neg': 0.0, 'neu': 1.0, 'pos': 0.0, 'compound': 0.0}",0.0,Neutral ğŸ˜
Mulan,Mushu,Male,Mythical Creature,Chinese,Supporting,False,False,"Get ready Mulan your serpentine salvation is at hand.  For I have been sent by your ancestors-- [notices Cri-Kee making a hand shadow of a dragon on the rock and stamps him down with his foot] to guide you through your masquerade.    C'mon, you're gonna stay you're gonna work.  Heed my word, 'cause if the army finds out that you are a girl, the penalty is death. [big flames shoot up from the rocks]","Get ready Mulan your serpentine salvation is at hand.  For I have been sent by your ancestors--  to guide you through your masquerade.    C'mon, you are going to stay you are going to work.  Heed my word, because if the army finds out that you are a girl, the penalty is death.","{'neg': 0.118, 'neu': 0.785, 'pos': 0.097, 'compound': -0.296}",-0.296,Negative ğŸ˜¡
Mulan,Mulan,Female,Chinese,Chinese,Protagonist,True,True,Who are you?,Who are you?,"{'neg': 0.0, 'neu': 1.0, 'pos': 0.0, 'compound': 0.0}",0.0,Neutral ğŸ˜
Mulan,Mushu,Male,Mythical Creature,Chinese,Supporting,False,False,"Who am I?  Who am I?  I am the guardian of lost souls. [Mulan smiles big in anticipation of seeing her guardian] I am the powerful, the pleasurable, the indestructible [coming out from the rocks to show his real size] Mushu! Oh hah, hah, pretty hot, huh? [Khan stomps on Mushu.  Mulan pushes Khan back]","Who am I?  Who am I?  I am the guardian of lost souls.  I am the powerful, the pleasurable, the indestructible  Mushu! Oh hah, hah, pretty hot, huh?","{'neg': 0.065, 'neu': 0.598, 'pos': 0.337, 'compound': 0.8602}",0.8602,Positive ğŸ˜Š
Mulan,Mulan,Female,Chinese,Chinese,Protagonist,True,True,"Ah, my ancestors sent a little lizard to help me?","Ah, my ancestors sent a little lizard to help me?","{'neg': 0.0, 'neu': 0.767, 'pos': 0.233, 'compound': 0.3477}",0.3477,Positive ğŸ˜Š
Mulan,Mushu,Male,Mythical Creature,Chinese,Supporting,False,False,"Hey, dragon, dragon,  not lizard.  I don't do that tongue thing [flips out his tongue to show Mulan what he means].","Hey, dragon, dragon,  not lizard.  I do not do that tongue thing .","{'neg': 0.0, 'neu': 1.0, 'pos': 0.0, 'compound': 0.0}",0.0,Neutral ğŸ˜
Mulan,Mulan,Female,Chinese,Chinese,Protagonist,True,True,You're uh...,You are uh...,"{'neg': 0.0, 'neu': 1.0, 'pos': 0.0, 'compound': 0.0}",0.0,Neutral ğŸ˜
Mulan,Mushu,Male,Mythical Creature,Chinese,Supporting,False,False,Intimidating?  Awe inspiring?,Intimidating?  Awe inspiring?,"{'neg': 0.462, 'neu': 0.142, 'pos': 0.397, 'compound': -0.1179}",-0.1179,Negative ğŸ˜¡
Mulan,Mushu,Male,Mythical Creature,Chinese,Supporting,False,False,"Then you're gonna have to trust me.  And don't you slap me no more, we clear on that?  .  All right.  Okey dokey, let's get this show on the road.  Cri-Kee, get the bags [Mushu starts walking to the camp].   Let's move it heifer.","Then you are going to have to trust me.  And do not you slap me no more, we clear on that?  .  All right.  Okey dokey, let us get this show on the road.  Cri-Kee, get the bags .   Let us move it heifer.","{'neg': 0.076, 'neu': 0.795, 'pos': 0.129, 'compound': 0.5476}",0.5476,Positive ğŸ˜Š
Mulan,Mushu,Male,Mythical Creature,Chinese,Supporting,False,False,"No, they're men.  And you're going to have to act just like them, so pay attention.","No, they are men.  And you are going to have to act just like them, so pay attention.","{'neg': 0.182, 'neu': 0.701, 'pos': 0.117, 'compound': -0.101}",-0.101,Negative ğŸ˜¡
Mulan,Mulan,Female,Chinese,Chinese,Protagonist,True,True,I don't think I can do this.,I do not think I can do this.,"{'neg': 0.0, 'neu': 1.0, 'pos': 0.0, 'compound': 0.0}",0.0,Neutral ğŸ˜
Mulan,Mushu,Male,Mythical Creature,Chinese,Supporting,False,False,It's all attitude.  Be tough like this guy here .,It is all attitude.  Be tough like this guy here .,"{'neg': 0.125, 'neu': 0.667, 'pos': 0.208, 'compound': 0.25}",0.25,Positive ğŸ˜Š
Mulan,Mushu,Male,Mythical Creature,Chinese,Supporting,False,False,"Punch him, it's how men say 'hello.' [Mulan looks at her fist, then punches Yao from behind on the shoulder.  The force causes Yao to run into Chien-Po]","Punch him, it is how men say 'hello.'","{'neg': 0.0, 'neu': 1.0, 'pos': 0.0, 'compound': 0.0}",0.0,Neutral ğŸ˜
Mulan,Chien-Po,Male,Chinese,Chinese,Supporting,True,True,"Oh Yao, you made a friend.","Oh Yao, you made a friend.","{'neg': 0.0, 'neu': 0.556, 'pos': 0.444, 'compound': 0.4939}",0.4939,Positive ğŸ˜Š
Mulan,Mushu,Male,Mythical Creature,Chinese,Supporting,False,False,"Good, Now slap him on the behind, they like that.","Good, Now slap him on the behind, they like that.","{'neg': 0.0, 'neu': 0.5, 'pos': 0.5, 'compound': 0.7184}",0.7184,Positive ğŸ˜Š
Mulan,Yao,Male,Chinese,Chinese,Supporting,True,True,Wu hoo hooooo.    I'm going to hit you so hard it'll make your ancestors dizzy.,Wu hoo hooooo.    I am going to hit you so hard it will make your ancestors dizzy.,"{'neg': 0.212, 'neu': 0.788, 'pos': 0.0, 'compound': -0.4149}",-0.4149,Negative ğŸ˜¡
Mulan,Yao,Male,Chinese,Chinese,Supporting,True,True,Ya Mi Ah To Fu Da.,Ya Mi Ah To Fu Da.,"{'neg': 0.485, 'neu': 0.515, 'pos': 0.0, 'compound': -0.6908}",-0.6908,Negative ğŸ˜¡
Mulan,Chien-Po,Male,Chinese,Chinese,Supporting,True,True,Feel better?,Feel better?,"{'neg': 0.0, 'neu': 0.256, 'pos': 0.744, 'compound': 0.4404}",0.4404,Positive ğŸ˜Š
Mulan,Yao,Male,Chinese,Chinese,Supporting,True,True,"Oh, sorry Ling.  Hey! [Yao grabs Mulan's foot as she starts to crawl away.  Ling kicks Yao on the butt causing him to land on Chien-Po's stomach. Ling Jump attacks Mulan, but she ducks and he lands on Yao on top of Chien-Po]","Oh, sorry Ling.  Hey!","{'neg': 0.347, 'neu': 0.653, 'pos': 0.0, 'compound': -0.1511}",-0.1511,Negative ğŸ˜¡
Mulan,Ling,Male,Chinese,Chinese,Supporting,True,True,"You're dead.   Oh, there he goes. [Mulan runs into a tent and stops.  Yao, Ling, and Chien-Po  run through the tent.  Yao stops short as he is about to run into a soldier in a line for food.  He looks behind him with concerned eyes as Ling stops in time.  Chien-Po bumps into Ling causing the entire line of soldiers to fall forward and knock over the pot of congee and the cook behind it.  The men look to the back of the line and spy Mulan who has emerged from the tent.  They angrily start walking towards her.  Mulan has a look of horror on her face as if trouble is about to brew]","You are dead.   Oh, there he goes.","{'neg': 0.417, 'neu': 0.583, 'pos': 0.0, 'compound': -0.6486}",-0.6486,Negative ğŸ˜¡
Mulan,Mulan,Female,Chinese,Chinese,Protagonist,True,True,Hey guys.,Hey guys.,"{'neg': 0.0, 'neu': 1.0, 'pos': 0.0, 'compound': 0.0}",0.0,Neutral ğŸ˜
Mulan,General Li,Male,Chinese,Chinese,Supporting,True,True,"You will stay here and train the new recruits.  When Chi Fu believes you're ready, you will join us...Captain. [General Li hands a sword to Shang]","You will stay here and train the new recruits.  When Chi Fu believes you are ready, you will join us...Captain.","{'neg': 0.178, 'neu': 0.644, 'pos': 0.178, 'compound': -0.25}",-0.25,Negative ğŸ˜¡
Mulan,Shang,Male,Chinese,Chinese,Supporting,True,True,Captain?,Captain?,"{'neg': 0.0, 'neu': 1.0, 'pos': 0.0, 'compound': 0.0}",0.0,Neutral ğŸ˜
Mulan,General Li,Male,Chinese,Chinese,Supporting,True,True,"Number one in his class, extensive knowledge of training techniques,  an impressive military lineage.  I believe Li Shang will do an excellent job.","Number one in his class, extensive knowledge of training techniques,  an impressive military lineage.  I believe Li Shang will do an excellent job.","{'neg': 0.0, 'neu': 0.696, 'pos': 0.304, 'compound': 0.8074}",0.8074,Positive ğŸ˜Š
Mulan,General Li,Male,Chinese,Chinese,Supporting,True,True,Good luck Captain.,Good luck Captain.,"{'neg': 0.0, 'neu': 0.145, 'pos': 0.855, 'compound': 0.7096}",0.7096,Positive ğŸ˜Š
Mulan,Mulan,Female,Chinese,Chinese,Protagonist,True,True,"Sorry,  Uhh, I mean, sorry you had to see that.    You know how it is when you get those, uh  manly urges and you just have to kill something , fix things, uh, cook outdoors.","Sorry,  Uhh, I mean, sorry you had to see that.    You know how it is when you get those, uh  manly urges and you just have to kill something , fix things, uh, cook outdoors.","{'neg': 0.196, 'neu': 0.804, 'pos': 0.0, 'compound': -0.743}",-0.743,Negative ğŸ˜¡
Mulan,Shang,Male,Chinese,Chinese,Supporting,True,True,What's your name?,What is your name?,"{'neg': 0.0, 'neu': 1.0, 'pos': 0.0, 'compound': 0.0}",0.0,Neutral ğŸ˜
Mulan,Mulan,Female,Chinese,Chinese,Protagonist,True,True,"Uhh, I've got a name.  Huh.  And it's a boys name too.","Uhh, I have got a name.  Huh.  And it is a boys name too.","{'neg': 0.0, 'neu': 1.0, 'pos': 0.0, 'compound': 0.0}",0.0,Neutral ğŸ˜
Mulan,Shang,Male,Chinese,Chinese,Supporting,True,True,I didn't ask for his name.  I asked for yours.,I did not ask for his name.  I asked for yours.,"{'neg': 0.0, 'neu': 1.0, 'pos': 0.0, 'compound': 0.0}",0.0,Neutral ğŸ˜
Mulan,Mushu,Male,Mythical Creature,Chinese,Supporting,False,False,"Try, uh, ahh, Chu!","Try, uh, ahh, Chu!","{'neg': 0.0, 'neu': 1.0, 'pos': 0.0, 'compound': 0.0}",0.0,Neutral ğŸ˜
Mulan,Mulan,Female,Chinese,Chinese,Protagonist,True,True,Ah Chu.,Ah Chu.,"{'neg': 0.0, 'neu': 1.0, 'pos': 0.0, 'compound': 0.0}",0.0,Neutral ğŸ˜
Mulan,Shang,Male,Chinese,Chinese,Supporting,True,True,Ah Chu?,Ah Chu?,"{'neg': 0.0, 'neu': 1.0, 'pos': 0.0, 'compound': 0.0}",0.0,Neutral ğŸ˜
Mulan,Mushu,Male,Mythical Creature,Chinese,Supporting,False,False,"Gesundheit.  He He, I kill myself.","Gesundheit.  He He, I kill myself.","{'neg': 0.54, 'neu': 0.46, 'pos': 0.0, 'compound': -0.6908}",-0.6908,Negative ğŸ˜¡
Mulan,Shang,Male,Chinese,Chinese,Supporting,True,True,Mushu?,Mushu?,"{'neg': 0.0, 'neu': 1.0, 'pos': 0.0, 'compound': 0.0}",0.0,Neutral ğŸ˜
Mulan,Mulan,Female,Chinese,Chinese,Protagonist,True,True,No.,No.,"{'neg': 1.0, 'neu': 0.0, 'pos': 0.0, 'compound': -0.296}",-0.296,Negative ğŸ˜¡
Mulan,Shang,Male,Chinese,Chinese,Supporting,True,True,Then what is it!,Then what is it!,"{'neg': 0.0, 'neu': 1.0, 'pos': 0.0, 'compound': 0.0}",0.0,Neutral ğŸ˜
Mulan,Mushu,Male,Mythical Creature,Chinese,Supporting,False,False,Ping! Ping was my best friend growing up!,Ping! Ping was my best friend growing up!,"{'neg': 0.0, 'neu': 0.341, 'pos': 0.659, 'compound': 0.8652}",0.8652,Positive ğŸ˜Š
Mulan,Mulan,Female,Chinese,Chinese,Protagonist,True,True,It's Ping.,It is Ping.,"{'neg': 0.0, 'neu': 1.0, 'pos': 0.0, 'compound': 0.0}",0.0,Neutral ğŸ˜
Mulan,Shang,Male,Chinese,Chinese,Supporting,True,True,Ping.,Ping.,"{'neg': 0.0, 'neu': 1.0, 'pos': 0.0, 'compound': 0.0}",0.0,Neutral ğŸ˜
Mulan,Mushu,Male,Mythical Creature,Chinese,Supporting,False,False,Of course Ping DID steal my gir-,Of course Ping DID steal my gir-,"{'neg': 0.348, 'neu': 0.652, 'pos': 0.0, 'compound': -0.4939}",-0.4939,Negative ğŸ˜¡
Mulan,Mulan,Female,Chinese,Chinese,Protagonist,True,True,"Yes, my name is Ping.","Yes, my name is Ping.","{'neg': 0.0, 'neu': 0.597, 'pos': 0.403, 'compound': 0.4019}",0.4019,Positive ğŸ˜Š
Mulan,Shang,Male,Chinese,Chinese,Supporting,True,True,"Let me see your conscription notice.    Fa Zhou, *the* Fa Zhou?","Let me see your conscription notice.    Fa Zhou, *the* Fa Zhou?","{'neg': 0.0, 'neu': 1.0, 'pos': 0.0, 'compound': 0.0}",0.0,Neutral ğŸ˜
Mulan,Mulan,Female,Chinese,Chinese,Protagonist,True,True,"Um, he...doesn't talk about me much.  [Mulan tries to hawk up a loogie and spit but the saliva just runs from her mouth.  The recruits laugh]","Um, he...does not talk about me much.","{'neg': 0.0, 'neu': 1.0, 'pos': 0.0, 'compound': 0.0}",0.0,Neutral ğŸ˜
Mulan,Mushu,Male,Mythical Creature,Chinese,Supporting,False,False,"All right, rise and shine sleeping beauty.   C'mon  hup, hup, hup.   Get your clothes on. Get ready.  Got breakfast for ya.    Look, you get porridge, and it's happy to see you.   Hey, get outta there, you gonna make people sick!","All right, rise and shine sleeping beauty.   C'mon  hup, hup, hup.   Get your clothes on. Get ready.  Got breakfast for ya.    Look, you get porridge, and it is happy to see you.   Hey, get outta there, you going to make people sick!","{'neg': 0.064, 'neu': 0.737, 'pos': 0.199, 'compound': 0.7901}",0.7901,Positive ğŸ˜Š
Mulan,Mulan,Female,Chinese,Chinese,Protagonist,True,True,Am I late?,Am I late?,"{'neg': 0.0, 'neu': 1.0, 'pos': 0.0, 'compound': 0.0}",0.0,Neutral ğŸ˜
Mulan,Mushu,Male,Mythical Creature,Chinese,Supporting,False,False,"Don't talk with your mouth full.  Now let's see your war face . I think my bunny slippers just ran for cover.  C'mon scare me, girl!","Do not talk with your mouth full.  Now let us see your war face . I think my bunny slippers just ran for cover.  C'mon scare me, girl!","{'neg': 0.235, 'neu': 0.765, 'pos': 0.0, 'compound': -0.8122}",-0.8122,Negative ğŸ˜¡
Mulan,Mushu,Male,Mythical Creature,Chinese,Supporting,False,False,What do you mean the troops just left?,What do you mean the troops just left?,"{'neg': 0.0, 'neu': 1.0, 'pos': 0.0, 'compound': 0.0}",0.0,Neutral ğŸ˜
Mulan,Chien-Po,Male,Chinese,Chinese,Supporting,True,True,"Oh, oh, sweet and pungent shrimp","Oh, oh, sweet and pungent shrimp","{'neg': 0.0, 'neu': 0.625, 'pos': 0.375, 'compound': 0.4588}",0.4588,Positive ğŸ˜Š
Mulan,Yao,Male,Chinese,Chinese,Supporting,True,True,"Yeah, 'cause I owe you a knuckle sandwich.  [grabs Mulan by the shirt collar drawing back his other arm.  Mulan hides her face with her hands.  Ling looks away, closes his eyes, and puts his fingers in his ears so that he wont hear anything]","Yeah, because I owe you a knuckle sandwich.","{'neg': 0.0, 'neu': 0.694, 'pos': 0.306, 'compound': 0.296}",0.296,Positive ğŸ˜Š
Mulan,Yao,Male,Chinese,Chinese,Supporting,True,True,"Ooooo, tough guy.","Ooooo, tough guy.","{'neg': 0.429, 'neu': 0.571, 'pos': 0.0, 'compound': -0.128}",-0.128,Negative ğŸ˜¡
Mulan,Shang,Male,Chinese,Chinese,Supporting,True,True,"One moment, you seem to be missing something.  [Chi Fu brings out two large bronze disks.  Shang takes out one disk and holds it high speaking to all the troops]  This represents discipline  [Shang hands the weight to Yao and the weight falls to the ground taking Yao's arm with it]  and this represents strength [Shang hands the other weight to Yao making him fall to the ground.  The troops laugh while Mulan looks concerned].  You need both to reach the arrow. [Yao climbs up the pole then slips down under the weight.  Ling, Chien-Po, and Mulan each take their turn and fall down.  Mulan rubs her behind as she walks away in front of Shang]","One moment, you seem to be missing something.    This represents discipline    and this represents strength .  You need both to reach the arrow.","{'neg': 0.086, 'neu': 0.745, 'pos': 0.169, 'compound': 0.2732}",0.2732,Positive ğŸ˜Š
Mulan,Shang,Male,Chinese,Chinese,Supporting,True,True,We've got a long way to go.,We have got a long way to go.,"{'neg': 0.0, 'neu': 1.0, 'pos': 0.0, 'compound': 0.0}",0.0,Neutral ğŸ˜
Mulan,Shan-Yu,Male,Hun,Hun,Antagonist,False,False,"This doll came from a village in the Tung Shao Pass, where the Imperial Army's waiting for us.","This doll came from a village in the Tung Shao Pass, where the Imperial Army's waiting for us.","{'neg': 0.0, 'neu': 1.0, 'pos': 0.0, 'compound': 0.0}",0.0,Neutral ğŸ˜
Mulan,Mushu,Male,Mythical Creature,Chinese,Supporting,False,False,"Hey, oh, ah, no, this is not a good idea.  What if somebody sees you?","Hey, oh, ah, no, this is not a good idea.  What if somebody sees you?","{'neg': 0.277, 'neu': 0.723, 'pos': 0.0, 'compound': -0.5583}",-0.5583,Negative ğŸ˜¡
Mulan,Mushu,Male,Mythical Creature,Chinese,Supporting,False,False,"Okay, all right, all right, that's enough.  Now, c'mon, get out before you get all pruny and stuff [holding out a towel towards Mulan keeping his eyes covered].","Okay, all right, all right, that is enough.  Now, c'mon, get out before you get all pruny and stuff .","{'neg': 0.0, 'neu': 0.905, 'pos': 0.095, 'compound': 0.2263}",0.2263,Positive ğŸ˜Š
Mulan,Mulan,Female,Chinese,Chinese,Protagonist,True,True,"Mushu, if you're so worried, go stand watch.","Mushu, if you are so worried, go stand watch.","{'neg': 0.264, 'neu': 0.736, 'pos': 0.0, 'compound': -0.4341}",-0.4341,Negative ğŸ˜¡
Mulan,Mushu,Male,Mythical Creature,Chinese,Supporting,False,False,"Yeah, yeah,  stand watch Mushu while I blow our secret with my stupid girly habits.  Humph, hygiene.","Yeah, yeah,  stand watch Mushu while I blow our secret with my stupid girly habits.  Humph, hygiene.","{'neg': 0.163, 'neu': 0.625, 'pos': 0.212, 'compound': 0.0}",0.0,Neutral ğŸ˜
Mulan,Yao,Male,Chinese,Chinese,Supporting,True,True,Me first! Me first! Me First!,Me first! Me first! Me First!,"{'neg': 0.0, 'neu': 1.0, 'pos': 0.0, 'compound': 0.0}",0.0,Neutral ğŸ˜
Mulan,Yao,Male,Chinese,Chinese,Supporting,True,True,"And I am Yao, king of the rock.  And there's nothin' you girls can do about it.","And I am Yao, king of the rock.  And there is nothing you girls can do about it.","{'neg': 0.0, 'neu': 1.0, 'pos': 0.0, 'compound': 0.0}",0.0,Neutral ğŸ˜
Mulan,Mulan,Female,Chinese,Chinese,Protagonist,True,True,No we don't.   We could just close our eyes and swim around.,No we do not.   We could just close our eyes and swim around.,"{'neg': 0.155, 'neu': 0.845, 'pos': 0.0, 'compound': -0.296}",-0.296,Negative ğŸ˜¡
Mulan,Ling,Male,Chinese,Chinese,Supporting,True,True,C'mon don't be such a g--Ouch!  Something bit me.,C'mon do not be such a g--Ouch!  Something bit me.,"{'neg': 0.0, 'neu': 1.0, 'pos': 0.0, 'compound': 0.0}",0.0,Neutral ğŸ˜
Mulan,Ling,Male,Chinese,Chinese,Supporting,True,True,Some king of the rock!,Some king of the rock!,"{'neg': 0.0, 'neu': 1.0, 'pos': 0.0, 'compound': 0.0}",0.0,Neutral ğŸ˜
Mulan,Mulan,Female,Chinese,Chinese,Protagonist,True,True,"Boy, that was close.","Boy, that was close.","{'neg': 0.0, 'neu': 1.0, 'pos': 0.0, 'compound': 0.0}",0.0,Neutral ğŸ˜
Mulan,Mulan,Female,Chinese,Chinese,Protagonist,True,True,I never want to see a naked man again.,I never want to see a naked man again.,"{'neg': 0.169, 'neu': 0.831, 'pos': 0.0, 'compound': -0.0572}",-0.0572,Negative ğŸ˜¡
Mulan,Mushu,Male,Mythical Creature,Chinese,Supporting,False,False,"Hey, don't look at me.  I ain't biting any more butts.","Hey, do not look at me.  I are not biting any more butts.","{'neg': 0.0, 'neu': 1.0, 'pos': 0.0, 'compound': 0.0}",0.0,Neutral ğŸ˜
Mulan,Shang,Male,Chinese,Chinese,Supporting,True,True,They completed their training.,They completed their training.,"{'neg': 0.0, 'neu': 1.0, 'pos': 0.0, 'compound': 0.0}",0.0,Neutral ğŸ˜
Mulan,Mulan,Female,Chinese,Chinese,Protagonist,True,True,"No, I--","No, I--","{'neg': 0.688, 'neu': 0.312, 'pos': 0.0, 'compound': -0.296}",-0.296,Negative ğŸ˜¡
Mulan,Mushu,Male,Mythical Creature,Chinese,Supporting,False,False,"Yeah right, Yeah sure.  Look,   go to your tent.  [Mulan walks away with a look of delight. Mushu talks to Cri-Kee]  I think it's time we took this war into our own hands . [Mushu and Cri-Kee wait outside Chi Fu's Tent.  Chi Fu emerges with carrying a scrub brush and wrapped in a towel and with big showering slippers on his feet.  He whistles as he walks off.  Mushu and Cri-Kee enter his tent.  Cri-Kee uses his legs to write up a letter.  He finishes and Mushu takes the paper]","Yeah right, Yeah sure.  Look,   go to your tent.    I think it is time we took this war into our own hands .","{'neg': 0.163, 'neu': 0.6, 'pos': 0.237, 'compound': 0.0194}",0.0194,Neutral ğŸ˜
Mulan,Mushu,Male,Mythical Creature,Chinese,Supporting,False,False,"Okay, okay, let me see what you've got.  From General Li, dear son, we're waiting for the huns at the pass and it would mean a lot if you'd come and back us up.    That's great except you forgot, ""and since we're all out of potpourri, maybe you wouldn't mind bringing up some.""  Hellooooo, this is the army!  Make it sound more urgent, please!  You know what I'm talkin' about?  [Cri-Kee starts writing the note again]  That's better, much better.   Okay, Let's go.","Okay, okay, let me see what you have got.  From General Li, dear son, we are waiting for the huns at the pass and it would mean a lot if you would come and back us up.    That is great except you forgot, ""and since we are all out of potpourri, maybe you would not mind bringing up some.""  Hellooooo, this is the army!  Make it sound more urgent, please!  You know what I am talkin' about?    That is better, much better.   Okay, Let us go.","{'neg': 0.0, 'neu': 0.762, 'pos': 0.238, 'compound': 0.9659}",0.9659,Positive ğŸ˜Š
Mulan,Mushu,Male,Mythical Creature,Chinese,Supporting,False,False,"Khan-ie baby, hey, we need a ride.","Khan-ie baby, hey, we need a ride.","{'neg': 0.0, 'neu': 1.0, 'pos': 0.0, 'compound': 0.0}",0.0,Neutral ğŸ˜
Mulan,Mushu,Male,Mythical Creature,Chinese,Supporting,False,False,"Excuse me!  I think the question is: who are you?  We're in a war man!  There's no time for stupid questions.  I should have your hat for that,  snatch it right off of your head [swiping with an arm at Chi Fu's hat.  Mushu turns the upper half of the dummy around after the panda passes Chi Fu.  Chi Fu begins reading the message].  But I'm feeling gracious today, so carry on before I report you.","Excuse me!  I think the question is: who are you?  We are in a war man!  There is no time for stupid questions.  I should have your hat for that,  snatch it right off of your head .  But I am feeling gracious today, so carry on before I report you.","{'neg': 0.117, 'neu': 0.727, 'pos': 0.156, 'compound': 0.4826}",0.4826,Positive ğŸ˜Š
Mulan,Shang,Male,Chinese,Chinese,Supporting,True,True,I don't understand.  My father should have been here.,I do not understand.  My father should have been here.,"{'neg': 0.0, 'neu': 1.0, 'pos': 0.0, 'compound': 0.0}",0.0,Neutral ğŸ˜
Mulan,Shang,Male,Chinese,Chinese,Supporting,True,True,"The Huns are moving quickly.  We'll make better time to the Imperial City through the Tung Shao Pass.  We're the only hope for the Emperor now.  Move out! [Mulan looks at the sword, takes out the doll she found and places the doll at the base of the sword.  She turns around and joins the rest of the troops marching on] [Cut to Mulan standing next to Khan saddled to the cart with cannons.  A cannon blast shoots out of the cart and explodes in the air.  The troops look surprised.  Mulan glances back with a scowl into the hole in the canopy of the cart to see Mushu with a sorrowful face.  Mushu points at Cri-Kee.  Shang charges up to Mulan on his horse, Chi Fu right behind]",The Huns are moving quickly.  We will make better time to the Imperial City through the Tung Shao Pass.  We are the only hope for the Emperor now.  Move out!,"{'neg': 0.0, 'neu': 0.821, 'pos': 0.179, 'compound': 0.7263}",0.7263,Positive ğŸ˜Š
Mulan,Shang,Male,Chinese,Chinese,Supporting,True,True,You just gave away our position.  Now we're--[an arrow hits Shang in the shoulder as he falls to the ground.  Shang pulls out the arrow]   Get out of range!! [The troops hurriedly run away as many arrows start falling all around them.  Mulan pulls Khan by the reins to hurry him up.  Fire arrows start hitting the cart with cannons attached to Khan.  The cart begins to blaze with fire],You just gave away our position.  Now we are--   Get out of range!!,"{'neg': 0.0, 'neu': 1.0, 'pos': 0.0, 'compound': 0.0}",0.0,Neutral ğŸ˜
Mulan,Shang,Male,Chinese,Chinese,Supporting,True,True,"Save the cannons! [The troops form a human chain and start taking the cannons out of the burning cart one by one while Mulan steadies Khan to keep him from bolting.  Chien-Po grabs many and hauls them on his own.  The troops grab]as many cannons as they safely can and Mulan cuts Khan free from the cart.  She mounts Khan and charges away from the fire.  The cart explodes sending Mulan flying off Khan losing her helmet and sword which land near her.  Mushu and Cri-Kee, sent flying by the blast, scream and land near Mulan.","Save the cannons! as many cannons as they safely can and Mulan cuts Khan free from the cart.  She mounts Khan and charges away from the fire.  The cart explodes sending Mulan flying off Khan losing her helmet and sword which land near her.  Mushu and Cri-Kee, sent flying by the blast, scream and land near Mulan.","{'neg': 0.173, 'neu': 0.69, 'pos': 0.137, 'compound': -0.1511}",-0.1511,Negative ğŸ˜¡
Mulan,Mushu,Male,Mythical Creature,Chinese,Supporting,False,False,"Oh sure, save the horse. [Mulan grabs Mushu with her right hand and grabs the sword with her left and runs to the troops position.  Cri-Kee and Khan follow.  Yao, Ling, Chien-Po and other recruits set up cannons against rocks.  They dodge a set of arrows that fall around them]","Oh sure, save the horse.","{'neg': 0.0, 'neu': 0.353, 'pos': 0.647, 'compound': 0.6705}",0.6705,Positive ğŸ˜Š
Mulan,Shang,Male,Chinese,Chinese,Supporting,True,True,Fire!,Fire!,"{'neg': 1.0, 'neu': 0.0, 'pos': 0.0, 'compound': -0.4003}",-0.4003,Negative ğŸ˜¡
Mulan,Shang,Male,Chinese,Chinese,Supporting,True,True,"Fire! [Mulan, Ling and Chien-Po launch a second volley at the mountain where the archers are stationed.  No more arrows can be seen coming from the mountain position]",Fire!,"{'neg': 1.0, 'neu': 0.0, 'pos': 0.0, 'compound': -0.4003}",-0.4003,Negative ğŸ˜¡
Mulan,Shang,Male,Chinese,Chinese,Supporting,True,True,"Hold the last cannon.    Prepare to fight.  If we die, we die with honor. [Shan-Yu raises his sword high above his head and charges down the mountain at Shang's position.  His falcon flies off his shoulder on Shan-Yu's war cry  The Hun army follows]","Hold the last cannon.    Prepare to fight.  If we die, we die with honor.","{'neg': 0.441, 'neu': 0.424, 'pos': 0.136, 'compound': -0.802}",-0.802,Negative ğŸ˜¡
Mulan,Shang,Male,Chinese,Chinese,Supporting,True,True,"Yao, aim the cannon at Shan-Yu. [The line of Shang's troops with Mulan at the end draw their swords.  Mulan looks down at her sword and sees the reflection of a large snow embankment hanging to the side of a cliff.  She rushes forward]","Yao, aim the cannon at Shan-Yu.","{'neg': 0.0, 'neu': 1.0, 'pos': 0.0, 'compound': 0.0}",0.0,Neutral ğŸ˜
Mulan,Shang,Male,Chinese,Chinese,Supporting,True,True,"Ping, come back.  Ping! [Mulan charges forward towards the oncoming horde of the Hun army being led by Shan-Yu and his falcon.  Mushu looks over her at the oncoming horde with worry in his eyes]","Ping, come back.  Ping!","{'neg': 0.0, 'neu': 1.0, 'pos': 0.0, 'compound': 0.0}",0.0,Neutral ğŸ˜
Mulan,Chien-Po,Male,Chinese,Chinese,Supporting,True,True,Do you see them?,Do you see them?,"{'neg': 0.0, 'neu': 1.0, 'pos': 0.0, 'compound': 0.0}",0.0,Neutral ğŸ˜
Mulan,Yao,Male,Chinese,Chinese,Supporting,True,True,"Pull [Chien-Po prays as he calmly walks up to the group of soldiers.  He lifts them all up and pulls backward hauling Mulan, Shang, Khan, Mushu and Cri-Kee to safety]",Pull,"{'neg': 0.0, 'neu': 1.0, 'pos': 0.0, 'compound': 0.0}",0.0,Neutral ğŸ˜
Mulan,Mushu,Male,Mythical Creature,Chinese,Supporting,False,False,I knew we could to it.  You da man.  Well sorta.,I knew we could to it.  You da man.  Well sorta.,"{'neg': 0.0, 'neu': 0.811, 'pos': 0.189, 'compound': 0.2732}",0.2732,Positive ğŸ˜Š
Mulan,Ling,Male,Chinese,Chinese,Supporting,True,True,"Step back guys, give 'em some air.","Step back guys, give them some air.","{'neg': 0.0, 'neu': 1.0, 'pos': 0.0, 'compound': 0.0}",0.0,Neutral ğŸ˜
Mulan,Ling,Male,Chinese,Chinese,Supporting,True,True,Let's hear it for Ping!  The bravest of us all.,Let us hear it for Ping!  The bravest of us all.,"{'neg': 0.0, 'neu': 0.736, 'pos': 0.264, 'compound': 0.5562}",0.5562,Positive ğŸ˜Š
Mulan,Shang,Male,Chinese,Chinese,Supporting,True,True,"Ping, what's wrong? He's wounded, get help! Ping, hold on.  Hold on. [Cut to outside of the medic tent.  Mulan and Medic are inside.  Shang stands by the entrance.  Yao, Ling and Chien-Po look quite concerned.  Ling drums his fingers on his knees.  The medic comes out from the tent and whispers to Shang.  Shang looks astonished and goes into the tent.  Mulan is lying down.  She opens her eyes, sees Shang and smiles at the sight of him.  She sits up allowing the blanket to fall to her waist revealing her form fitting bandages on her chest.  She sees Shang's surprised look and realizes her feminine form is noticeable]","Ping, what is wrong? He is wounded, get help! Ping, hold on.  Hold on.","{'neg': 0.187, 'neu': 0.663, 'pos': 0.149, 'compound': -0.1759}",-0.1759,Negative ğŸ˜¡
Mulan,Mulan,Female,Chinese,Chinese,Protagonist,True,True,I didn't mean for it to go this far.,I did not mean for it to go this far.,"{'neg': 0.0, 'neu': 1.0, 'pos': 0.0, 'compound': 0.0}",0.0,Neutral ğŸ˜
Mulan,Mulan,Female,Chinese,Chinese,Protagonist,True,True,It was the only way.  Please believe me.,It was the only way.  Please believe me.,"{'neg': 0.0, 'neu': 0.753, 'pos': 0.247, 'compound': 0.3182}",0.3182,Positive ğŸ˜Š
Mulan,Shang,Male,Chinese,Chinese,Supporting,True,True,A life for a life.  My debt is repaid.    Move out!,A life for a life.  My debt is repaid.    Move out!,"{'neg': 0.259, 'neu': 0.741, 'pos': 0.0, 'compound': -0.4199}",-0.4199,Negative ğŸ˜¡
Mulan,Mushu,Male,Mythical Creature,Chinese,Supporting,False,False,"I was this close, this close to impressing the ancestors, getting the top shelf, an entourage.  Man, all my fine work, ffft.  [Mushu picks up a dumpling with his stick, slumps down in front of the fire Cri-Kee made and begins to cook the dumpling over the fire]  Hi.","I was this close, this close to impressing the ancestors, getting the top shelf, an entourage.  Man, all my fine work, ffft.    Hi.","{'neg': 0.0, 'neu': 0.728, 'pos': 0.272, 'compound': 0.7269}",0.7269,Positive ğŸ˜Š
Mulan,Mushu,Male,Mythical Creature,Chinese,Supporting,False,False,"Eh, come on, you wanted to save your father's life.  Who knew you'd end up shaming him, disgracing your ancestors, and losing all your friends.  You know, you just gotta, you gotta learn to let these things go .","Eh, come on, you wanted to save your father's life.  Who knew you would end up shaming him, disgracing your ancestors, and losing all your friends.  You know, you just got to, you got to learn to let these things go .","{'neg': 0.055, 'neu': 0.81, 'pos': 0.134, 'compound': 0.5719}",0.5719,Positive ğŸ˜Š
Mulan,Mulan,Female,Chinese,Chinese,Protagonist,True,True,Maybe I didn't go for my father.  Maybe what I really wanted was to prove I could do things right.  So when I looked in the mirror I'd see someone worthwhile.  But I was wrong.  I see nothing.  [throws the helmet down and a tear runs down her cheek],Maybe I did not go for my father.  Maybe what I really wanted was to prove I could do things right.  So when I looked in the mirror I would see someone worthwhile.  But I was wrong.  I see nothing.,"{'neg': 0.113, 'neu': 0.841, 'pos': 0.046, 'compound': -0.5346}",-0.5346,Negative ğŸ˜¡
Mulan,Mushu,Male,Mythical Creature,Chinese,Supporting,False,False,What!?  What do you mean you're not lucky?  You lied to me?     And what are you? A sheep?,What!?  What do you mean you are not lucky?  You lied to me?     And what are you? A sheep?,"{'neg': 0.165, 'neu': 0.735, 'pos': 0.1, 'compound': -0.34}",-0.34,Negative ğŸ˜¡
Mulan,Mushu,Male,Mythical Creature,Chinese,Supporting,False,False,"Yeah, this ain't gonna be pretty.  But, don't you worry, 'kay?  Things'll work out.  We started this thing together and that's how we'll finish.   I promise.","Yeah, this are not going to be pretty.  But, do not you worry, 'kay?  Things'll work out.  We started this thing together and that is how we will finish.   I promise.","{'neg': 0.0, 'neu': 0.727, 'pos': 0.273, 'compound': 0.8298}",0.8298,Positive ğŸ˜Š
Mulan,Mushu,Male,Mythical Creature,Chinese,Supporting,False,False,Home is that way!,Home is that way!,"{'neg': 0.0, 'neu': 1.0, 'pos': 0.0, 'compound': 0.0}",0.0,Neutral ğŸ˜
Mulan,Mulan,Female,Chinese,Chinese,Protagonist,True,True,I have to do something.,I have to do something.,"{'neg': 0.0, 'neu': 1.0, 'pos': 0.0, 'compound': 0.0}",0.0,Neutral ğŸ˜
Mulan,Mushu,Male,Mythical Creature,Chinese,Supporting,False,False,"Did you see those Huns!?  They popped out of the snow, like daisies!","Did you see those Huns!?  They popped out of the snow, like daisies!","{'neg': 0.0, 'neu': 0.796, 'pos': 0.204, 'compound': 0.4738}",0.4738,Positive ğŸ˜Š
Mulan,Mulan,Female,Chinese,Chinese,Protagonist,True,True,Are we in this together or not?,Are we in this together or not?,"{'neg': 0.0, 'neu': 1.0, 'pos': 0.0, 'compound': 0.0}",0.0,Neutral ğŸ˜
Mulan,Mushu,Male,Mythical Creature,Chinese,Supporting,False,False,"Well, let's go kick some Huny buns!    Wu Hu Ha Ga, Wu Hu Ha Ga [Cut to the victory parade in the Imperial City.  Fireworks go off, kites are flying.  The drummers march by, followed by the flutist, followed by the acrobats.  The Parade Leader follows, then Shang and his men, followed by lion dancers]","Well, let us go kick some Huny buns!    Wu Hu Ha Ga, Wu Hu Ha Ga","{'neg': 0.0, 'neu': 0.644, 'pos': 0.356, 'compound': 0.7345}",0.7345,Positive ğŸ˜Š
Mulan,Mulan,Female,Chinese,Chinese,Protagonist,True,True,"The Huns are alive, they're in the city.","The Huns are alive, they are in the city.","{'neg': 0.0, 'neu': 0.755, 'pos': 0.245, 'compound': 0.3818}",0.3818,Positive ğŸ˜Š
Mulan,Shang,Male,Chinese,Chinese,Supporting,True,True,"You don't belong here Mulan, go home.","You do not belong here Mulan, go home.","{'neg': 0.0, 'neu': 1.0, 'pos': 0.0, 'compound': 0.0}",0.0,Neutral ğŸ˜
Mulan,Shang,Male,Chinese,Chinese,Supporting,True,True,Why should I?,Why should I?,"{'neg': 0.0, 'neu': 1.0, 'pos': 0.0, 'compound': 0.0}",0.0,Neutral ğŸ˜
Mulan,Mushu,Male,Mythical Creature,Chinese,Supporting,False,False,Now where are you going?,Now where are you going?,"{'neg': 0.0, 'neu': 1.0, 'pos': 0.0, 'compound': 0.0}",0.0,Neutral ğŸ˜
Mulan,Emperor,Male,Chinese,Chinese,Supporting,True,True,"My children, heaven smiles down upon the Middle Kingdom.  China will sleep safely tonight thanks to our brave warriors.","My children, heaven smiles down upon the Middle Kingdom.  China will sleep safely tonight thanks to our brave warriors.","{'neg': 0.0, 'neu': 0.468, 'pos': 0.532, 'compound': 0.9423}",0.9423,Positive ğŸ˜Š
Mulan,Mushu,Male,Mythical Creature,Chinese,Supporting,False,False,"Huh?  Oh, I'm sorry, did you say something?","Huh?  Oh, I am sorry, did you say something?","{'neg': 0.192, 'neu': 0.808, 'pos': 0.0, 'compound': -0.168}",-0.168,Negative ğŸ˜¡
Mulan,Mushu,Male,Mythical Creature,Chinese,Supporting,False,False,"Hey, you're a girl again, remember?","Hey, you are a girl again, remember?","{'neg': 0.0, 'neu': 1.0, 'pos': 0.0, 'compound': 0.0}",0.0,Neutral ğŸ˜
Mulan,Emperor,Male,Chinese,Chinese,Supporting,True,True,"I know what this means to you, Captain Li.  Your father would have been very proud. [Shan-Yu's falcon swoops down and takes the sword as Shang is giving it to the Emperor.  The falcon rises above the roof and drops the sword to Shan-Yu who was sitting next to the gargoyles in the shadows blending in.  He rises out of the shadows to catch the sword so that all the people can see his face.  The masses of people gasp at the sight of Shan-Yu.  Shang begins to draw his sword.  All 5 of Shan-Yu's men jump out from behind the dragon knocking down Shang and grab the Emperor knocking off his hat.  Hun Bald Man #1 and #2 carry the Emperor into the Palace.  Long-Haired Hun Man and Hun Strong Guy close the palace doors as Hun archer knocks his arrow retreating into the Palace to threaten would be rescue attempts]","I know what this means to you, Captain Li.  Your father would have been very proud.","{'neg': 0.0, 'neu': 0.805, 'pos': 0.195, 'compound': 0.5256}",0.5256,Positive ğŸ˜Š
Mulan,Shan-Yu,Male,Hun,Hun,Antagonist,False,False,"Boo.    Guard the door [they walk off down the stairs that lead to the balcony].    Your walls and armies have fallen, and now it's your turn.  Bow to me. [Cut to the entrance to the stairwell that leads to the balcony.  Hun Bald Man #1 and #2 come down the stairs and close the door, joining Hun Archer Man, Hun Strong Man and Hun Long-Hair Man.  Mulan and company are around the corner]","Boo.    Guard the door .    Your walls and armies have fallen, and now it is your turn.  Bow to me.","{'neg': 0.122, 'neu': 0.878, 'pos': 0.0, 'compound': -0.3612}",-0.3612,Negative ğŸ˜¡
Mulan,Shan-Yu,Male,Hun,Hun,Antagonist,False,False,I tire of your arrogance old man.  [yelling and putting his sword at the emperor's throat] Bow to me!,I tire of your arrogance old man.   Bow to me!,"{'neg': 0.316, 'neu': 0.684, 'pos': 0.0, 'compound': -0.5707}",-0.5707,Negative ğŸ˜¡
Mulan,Emperor,Male,Chinese,Chinese,Supporting,True,True,"No matter how the wind howls, the mountain cannot bow to it.","No matter how the wind howls, the mountain cannot bow to it.","{'neg': 0.165, 'neu': 0.752, 'pos': 0.083, 'compound': -0.2732}",-0.2732,Negative ğŸ˜¡
Mulan,Shan-Yu,Male,Hun,Hun,Antagonist,False,False,"Then you will kneel in pieces. [Shang runs up in time to block the striking blow of Shan-Yu with his sword.  Shang swipes with his sword.  Shan-Yu grabs Shang's arm and throws him towards the edge.  Shang grabs onto a column and he flies over the edge and uses the momentum to swing back and kick Shan-Yu.  Shan-Yu falls to the ground, Shang on top of him. Shang punches Shan-Yu.  Shan-Yu grabs Shang and rolls over forcing Shang to be on his back underneath him.  Shang uses his knee to hit Shan-Yu from behind as he uses his hand to hit him in the head.  Shang forces Shan-Yu onto his back and grabs his arm pulling it behind Shan-Yu's back.  Mulan, Chien-Po, Yao and Ling enter the balcony from the stairs]",Then you will kneel in pieces.,"{'neg': 0.0, 'neu': 1.0, 'pos': 0.0, 'compound': 0.0}",0.0,Neutral ğŸ˜
Mulan,Mulan,Female,Chinese,Chinese,Protagonist,True,True,"Chien-Po, get the Emperor.","Chien-Po, get the Emperor.","{'neg': 0.0, 'neu': 1.0, 'pos': 0.0, 'compound': 0.0}",0.0,Neutral ğŸ˜
Mulan,Shan-Yu,Male,Hun,Hun,Antagonist,False,False,No! [Shan-Yu uses his free arm to elbow Shang in the face.  Shan-Yu gets up and head-butts Shang and throws him to the ground.  Shang lies limp.  Mulan watches Shang fall then she looks over the edge at Ling and Yao now on the ground.  Chien-Po runs off the screen out of sight],No!,"{'neg': 1.0, 'neu': 0.0, 'pos': 0.0, 'compound': -0.3595}",-0.3595,Negative ğŸ˜¡
Mulan,Shan-Yu,Male,Hun,Hun,Antagonist,False,False,"No!  [He looks down at the crowd and realizes he cannot find the Emperor among the throng of people]  Yrraaaaahhhh! [Shan-Yu turns and looks back and sees Mulan looking concerned, holding up Shang.  Shan-Yu pulls out his sword lodged in the column and heads toward them.  As Shang sees Shan-Yu approaching, he puts his arm in front of Mulan to ask her to leave and takes out his knife.  Mulan slides away. Shan-Yu comes up to Shang, knocks away his knife, slaps him in the face, and grabs Shang by the shirt collar]",No!    Yrraaaaahhhh!,"{'neg': 0.736, 'neu': 0.264, 'pos': 0.0, 'compound': -0.4184}",-0.4184,Negative ğŸ˜¡
Mulan,Mulan,Female,Chinese,Chinese,Protagonist,True,True,No!  I did!,No!  I did!,"{'neg': 0.736, 'neu': 0.264, 'pos': 0.0, 'compound': -0.4184}",-0.4184,Negative ğŸ˜¡
Mulan,Mushu,Male,Mythical Creature,Chinese,Supporting,False,False,So what's the plan?,So what is the plan?,"{'neg': 0.0, 'neu': 1.0, 'pos': 0.0, 'compound': 0.0}",0.0,Neutral ğŸ˜
Mulan,Mulan,Female,Chinese,Chinese,Protagonist,True,True,Ummmm.,Ummmm.,"{'neg': 0.0, 'neu': 1.0, 'pos': 0.0, 'compound': 0.0}",0.0,Neutral ğŸ˜
Mulan,Mushu,Male,Mythical Creature,Chinese,Supporting,False,False,You don't have a plan?!,You do not have a plan?!,"{'neg': 0.0, 'neu': 1.0, 'pos': 0.0, 'compound': 0.0}",0.0,Neutral ğŸ˜
Mulan,Mulan,Female,Chinese,Chinese,Protagonist,True,True,"Hey, I'm making this up as I... go. Mushu--","Hey, I am making this up as I... go. Mushu--","{'neg': 0.0, 'neu': 1.0, 'pos': 0.0, 'compound': 0.0}",0.0,Neutral ğŸ˜
Mulan,Mushu,Male,Mythical Creature,Chinese,Supporting,False,False,I'm way ahead of you sister.  C'mon Cri-Kee. [Mushu and Cri-Kee jump onto a kite and use the wings to soar over toward the fireworks tower] [Cut to Shan-Yu.  Shan-Yu breaks through the doors and catches up to Mulan swinging his sword wildly knocking down a support column with every swipe.  Mulan runs and ducks his every blow. Mulan climbs up a column to get out of Shan-Yu's reach.  Shan-Yu slices the base of the column causing it to fall and break through the outer wall.  Mulan screams as the beam falls and comes to a stop.  Mulan gets up on the beam and jumps up to catch onto the awning.  She looks off to her right and spies Mushu arriving at the fireworks tower] [Zoom in on the fireworks tower.  Mushu lands near Barry Cook and Tony Bancroft (the firework lighters) on the edge of the tower],I am way ahead of you sister.  C'mon Cri-Kee.,"{'neg': 0.0, 'neu': 1.0, 'pos': 0.0, 'compound': 0.0}",0.0,Neutral ğŸ˜
Mulan,Mushu,Male,Mythical Creature,Chinese,Supporting,False,False,"Citizens, I need firepower.","Citizens, I need firepower.","{'neg': 0.0, 'neu': 1.0, 'pos': 0.0, 'compound': 0.0}",0.0,Neutral ğŸ˜
Mulan,Shan-Yu,Male,Hun,Hun,Antagonist,False,False,It looks like you're out of ideas. [Shan-Yu lunges with his sword.  Mulan dodges to her right and lets the sword go right through the fan.  She closes the fan back up on the sword and twists the fan with both hands so that Shan-Yu loses his grip.  The sword flies toward Mulan and she catches it by the handle slipping off the fan with her sword movement],It looks like you are out of ideas.,"{'neg': 0.0, 'neu': 0.737, 'pos': 0.263, 'compound': 0.3612}",0.3612,Positive ğŸ˜Š
Mulan,Mulan,Female,Chinese,Chinese,Protagonist,True,True,"Not quite.    Ready, Mushu?","Not quite.    Ready, Mushu?","{'neg': 0.437, 'neu': 0.563, 'pos': 0.0, 'compound': -0.3241}",-0.3241,Negative ğŸ˜¡
Mulan,Shang,Male,Chinese,Chinese,Supporting,True,True,"Your Majesty, I can explain. [The Emperor motions for Shang to stand aside.  Shang and his men part giving the Emperor a clear path to Mulan.  Mulan steps forward and bows before the Emperor.  Chi Fu with a sinister look waits to write down the words of the Emperor]","Your Majesty, I can explain.","{'neg': 0.0, 'neu': 1.0, 'pos': 0.0, 'compound': 0.0}",0.0,Neutral ğŸ˜
Mulan,Emperor,Male,Chinese,Chinese,Supporting,True,True,"I've heard a great deal about you, Fa Mulan.  You stole your father's armor, ran away from home, impersonated a soldier, deceived your commanding officer, dishonored the Chinese army, destroyed my palace, AND...you have saved us all. [Chi Fu looks at the Emperor actions astonishingly then immediately falls prostrate before Mulan. Shang, Yao, Ling, and Chien-Po follow suit.  Mulan looks up then turns around hardly believing what she sees as the entire Chinese population within the palace grounds fall prostrate on the ground in a wave like pattern, bowing to her.  Khan bows with Mushu and Cri-Kee on his back]","I have heard a great deal about you, Fa Mulan.  You stole your father's armor, ran away from home, impersonated a soldier, deceived your commanding officer, dishonored the Chinese army, destroyed my palace, AND...you have saved us all.","{'neg': 0.139, 'neu': 0.705, 'pos': 0.157, 'compound': 0.2023}",0.2023,Positive ğŸ˜Š
Mulan,Mushu,Male,Mythical Creature,Chinese,Supporting,False,False,My little baby's all grown up and savin' China.   You have a tissue?,My little baby's all grown up and savin' China.   You have a tissue?,"{'neg': 0.0, 'neu': 1.0, 'pos': 0.0, 'compound': 0.0}",0.0,Neutral ğŸ˜
Mulan,Emperor,Male,Chinese,Chinese,Supporting,True,True,"Chi Fu,","Chi Fu,","{'neg': 0.825, 'neu': 0.175, 'pos': 0.0, 'compound': -0.6908}",-0.6908,Negative ğŸ˜¡
Mulan,Emperor,Male,Chinese,Chinese,Supporting,True,True,See to it that this woman is made a member of my council.,See to it that this woman is made a member of my council.,"{'neg': 0.0, 'neu': 1.0, 'pos': 0.0, 'compound': 0.0}",0.0,Neutral ğŸ˜
Mulan,Yao,Male,Chinese,Chinese,Supporting,True,True,Is she allowed to do that? [Mulan walks away from the Emperor and is embraced by Yao and Ling.  Chien-Po comes up and lifts all three of them off the ground in a big bear hug.  Chien-Po lets them all back to the ground again.  Mulan walks toward Shang and stops in front of him.  As Shang begins to speak Mulan starts to smile anticipating something good],Is she allowed to do that?,"{'neg': 0.0, 'neu': 1.0, 'pos': 0.0, 'compound': 0.0}",0.0,Neutral ğŸ˜
Mulan,Shang,Male,Chinese,Chinese,Supporting,True,True,Um...  You...  You fight good.,Um...  You...  You fight good.,"{'neg': 0.306, 'neu': 0.353, 'pos': 0.341, 'compound': 0.0772}",0.0772,Positive ğŸ˜Š
Mulan,Shang,Male,Chinese,Chinese,Supporting,True,True,:  Hmm.,:  Hmm.,"{'neg': 0.0, 'neu': 1.0, 'pos': 0.0, 'compound': 0.0}",0.0,Neutral ğŸ˜
Mulan,Mulan,Female,Chinese,Chinese,Protagonist,True,True,"Khan, let's go home. [Khan jumps down the steps and gallops on the flat parts of the stair case back down to ground level.  The crowd cheers al the while.  The Emperor approaches Shang and clears his throat]","Khan, let us go home.","{'neg': 0.0, 'neu': 1.0, 'pos': 0.0, 'compound': 0.0}",0.0,Neutral ğŸ˜
Mulan,Emperor,Male,Chinese,Chinese,Supporting,True,True,"You don't meet a girl like that ev'ry dynasty.  [The emperor puts on his hat and walks back up the steps to his palace] [Cut to Mulan's home, her father is sitting beneath the blossom tree.   A blossom falls and lands on his leg.  Mulan appears at the threshold and moves toward her father.  Fa Zhou sees her approaching and starts to stand]",You do not meet a girl like that ev'ry dynasty.,"{'neg': 0.209, 'neu': 0.791, 'pos': 0.0, 'compound': -0.2755}",-0.2755,Negative ğŸ˜¡
Mulan,Fa Zhou,Male,Chinese,Chinese,Supporting,True,True,Mulan.,Mulan.,"{'neg': 0.0, 'neu': 1.0, 'pos': 0.0, 'compound': 0.0}",0.0,Neutral ğŸ˜
Mulan,Mulan,Female,Chinese,Chinese,Protagonist,True,True,"Father, I brought you the sword of Shan-Yu  and the crest of the Emperor .   They're gifts to honor the Fa Family. [Fa Zhou takes the gifts and throws them down to the ground beside him to the surprise of Mulan. He bends down and holds her arms outstretched]","Father, I brought you the sword of Shan-Yu  and the crest of the Emperor .   They are gifts to honor the Fa Family.","{'neg': 0.0, 'neu': 0.862, 'pos': 0.138, 'compound': 0.4939}",0.4939,Positive ğŸ˜Š
Mulan,Fa Zhou,Male,Chinese,Chinese,Supporting,True,True,"The greatest gift and honor, is having you for a daughter.  [Fa Zhou wipes away Mulan's tear then hugs Mulan]  I've missed you so.","The greatest gift and honor, is having you for a daughter.    I have missed you so.","{'neg': 0.098, 'neu': 0.444, 'pos': 0.458, 'compound': 0.8442}",0.8442,Positive ğŸ˜Š
Mulan,Mulan,Female,Chinese,Chinese,Protagonist,True,True,I've missed you too Baba.,I have missed you too Baba.,"{'neg': 0.355, 'neu': 0.645, 'pos': 0.0, 'compound': -0.296}",-0.296,Negative ğŸ˜¡
Mulan,Mulan,Female,Chinese,Chinese,Protagonist,True,True,Would you like to stay for dinner?,Would you like to stay for dinner?,"{'neg': 0.0, 'neu': 0.706, 'pos': 0.294, 'compound': 0.3612}",0.3612,Positive ğŸ˜Š
Mulan,Mushu,Male,Mythical Creature,Chinese,Supporting,False,False,Yeeeeeahhhhhhh.  [Mushu runs to his post and Cri-Kee bangs the gong awakening all the ancestors],Yeeeeeahhhhhhh.,"{'neg': 0.0, 'neu': 1.0, 'pos': 0.0, 'compound': 0.0}",0.0,Neutral ğŸ˜
Mulan,Mushu,Male,Mythical Creature,Chinese,Supporting,False,False,Take it Cri-Kee.,Take it Cri-Kee.,"{'neg': 0.0, 'neu': 1.0, 'pos': 0.0, 'compound': 0.0}",0.0,Neutral ğŸ˜
Mulan,Mulan,Female,Chinese,Chinese,Protagonist,True,True,"Thanks, Mushu .","Thanks, Mushu .","{'neg': 0.0, 'neu': 0.256, 'pos': 0.744, 'compound': 0.4404}",0.4404,Positive ğŸ˜Š
